worker_id,tag_id,time_step,timestamp_s,x,y,z,current_segment,position_reliability,reliability_status,status,tracking_status,visible_anchor_count,tracking_risk_score,mapping_method,mapping_confidence,continuity_score,flight_signal_reliability,source_trial,source_position_type
WORKER_01,TAG_001,0,0.0001319999999977881,120.73560325746301,-4.360143336985283,-0.9489999794214965,S138,0.799,degraded,safe,full_tracking,6,20.1,nearest_center,0.3216438714988615,1.0,1.0,const4-trial3-tdoa2-traj1,mocap_ground_truth
WORKER_02,TAG_002,0,10.001409999999996,121.65373624860273,-4.8192105166181785,-0.9479999773949386,S138,0.8074,good,safe,full_tracking,5,19.26,nearest_center,0.3160787230697254,1.0,1.0,const4-trial1-tdoa3-traj3,mocap_ground_truth
WORKER_03,TAG_003,0,20.003213999999993,104.66826496750936,8.12647724521171,-0.9489999794214965,S138,0.8411,good,safe,full_tracking,9,15.89,nearest_center,0.5468137504045221,1.0,1.0,const1-trial5-tdoa2,mocap_ground_truth
WORKER_04,TAG_004,0,30.002617999999995,126.9789207312234,5.647515911726453,-0.9409999781101943,S138,0.7806,degraded,safe,full_tracking,5,21.94,nearest_center,0.3318663792305907,1.0,1.0,const2-trial1-tdoa2,mocap_ground_truth
WORKER_05,TAG_005,0,40.003225,122.02099601206378,4.913008697939036,-0.939999983534217,S137,0.8021,good,safe,full_tracking,5,19.79,nearest_center,0.3145502988460272,1.0,1.0,const2-trial3-tdoa2,mocap_ground_truth
WORKER_06,TAG_006,0,50.001893,119.54202817997965,2.434047321699838,-0.939999983534217,S137,0.8045,good,safe,full_tracking,6,19.55,nearest_center,0.33583128262780365,1.0,1.0,const2-trial4-tdoa3,mocap_ground_truth
WORKER_07,TAG_007,0,60.001704,118.80751959806615,4.821195296215608,-0.939999983534217,S137,0.805,good,safe,full_tracking,6,19.5,nearest_center,0.32621113473940533,1.0,1.0,const2-trial6-tdoa2,mocap_ground_truth
WORKER_08,TAG_008,0,70.002384,121.74555392572013,3.2603678089488635,-1.0029999808222057,S137,0.8058,good,safe,full_tracking,5,19.42,nearest_center,0.32346453601206804,1.0,1.0,const3-trial7-tdoa3-manual4,mocap_ground_truth
WORKER_09,TAG_009,0,80.002686,141.94450162081108,-8.399932328753044,-0.9419999801367522,S137,0.3,poor,tracking_lost,no_tracking,0,70.0,nearest_center,0.24841521860595056,1.0,1.0,const4-trial1-tdoa2-traj2,mocap_ground_truth
WORKER_10,TAG_010,0,90.003837,121.65373624860273,-4.543769798400619,-0.9479999773949386,S138,0.8077,good,safe,full_tracking,5,19.23,nearest_center,0.31742647449899014,1.0,1.0,const4-trial3-tdoa2-traj2,mocap_ground_truth
WORKER_01,TAG_001,1,1.0001319999999978,121.01104534380663,-4.360143336985283,-0.9379999794811011,S138,0.8109,good,safe,full_tracking,5,18.91,nearest_center,0.32067625260743604,1.0,1.0,const4-trial3-tdoa2-traj1,mocap_ground_truth
WORKER_02,TAG_002,1,11.001409999999996,121.56192951649389,-4.8192105166181785,-0.9479999773949386,S138,0.8079,good,safe,full_tracking,5,19.21,nearest_center,0.31641263912594236,1.0,1.0,const4-trial1-tdoa3-traj3,mocap_ground_truth
WORKER_03,TAG_003,1,21.003213999999993,104.66826496750936,8.12647724521171,-0.9489999794214965,S138,0.8411,good,safe,full_tracking,9,15.89,nearest_center,0.5468137504045221,1.0,1.0,const1-trial5-tdoa2,mocap_ground_truth
WORKER_04,TAG_004,1,31.002617999999995,126.9789207312234,5.647515911726453,-0.9409999781101943,S138,0.7806,degraded,safe,full_tracking,5,21.94,nearest_center,0.3318663792305907,1.0,1.0,const2-trial1-tdoa2,mocap_ground_truth
WORKER_05,TAG_005,1,41.003225,122.02099601206378,4.913008697939036,-0.939999983534217,S137,0.8021,good,safe,full_tracking,5,19.79,nearest_center,0.3145502988460272,1.0,1.0,const2-trial3-tdoa2,mocap_ground_truth
WORKER_06,TAG_006,1,51.001893,119.45022144787085,2.434047321699838,-0.939999983534217,S137,0.805,good,safe,full_tracking,6,19.5,nearest_center,0.3361634546035267,1.0,1.0,const2-trial4-tdoa3,mocap_ground_truth
WORKER_07,TAG_007,1,61.001704,118.89933727518356,4.821195296215608,-0.939999983534217,S137,0.8046,good,safe,full_tracking,6,19.54,nearest_center,0.32591655770503447,1.0,1.0,const2-trial6-tdoa2,mocap_ground_truth
WORKER_08,TAG_008,1,71.002384,121.74555392572013,3.2603678089488635,-1.0029999808222057,S137,0.8058,good,safe,full_tracking,5,19.42,nearest_center,0.32346453601206804,1.0,1.0,const3-trial7-tdoa3-manual4,mocap_ground_truth
WORKER_09,TAG_009,1,81.002686,141.94450162081108,-8.399932328753044,-0.9419999801367522,S137,0.3,poor,tracking_lost,no_tracking,0,70.0,nearest_center,0.24841521860595056,1.0,1.0,const4-trial1-tdoa2-traj2,mocap_ground_truth
WORKER_10,TAG_010,1,91.003837,121.65373624860273,-4.45195690972447,-0.9479999773949386,S138,0.8078,good,safe,full_tracking,5,19.22,nearest_center,0.3178740992363702,1.0,1.0,const4-trial3-tdoa2-traj2,mocap_ground_truth
WORKER_01,TAG_001,2,2.0001319999999976,120.09291235266691,-7.481798653550291,-0.8859999784082175,S138,0.7905,degraded,safe,full_tracking,7,20.95,nearest_center,0.3078282696613101,1.0,1.0,const4-trial3-tdoa2-traj1,mocap_ground_truth
WORKER_02,TAG_002,2,12.001409999999996,124.22451081279566,-4.911023405294328,-0.9129999809712173,S137,0.7852,degraded,safe,full_tracking,5,21.48,nearest_center,0.3101769747078588,0.9,1.0,const4-trial1-tdoa3-traj3,mocap_ground_truth
WORKER_03,TAG_003,2,22.003213999999993,110.4525050006913,3.076741005502009,-0.8699999757856132,S138,0.8098,good,safe,full_tracking,9,19.02,nearest_center,0.3178059598754215,1.0,1.0,const1-trial5-tdoa2,mocap_ground_truth
WORKER_04,TAG_004,2,32.002618,126.9789207312234,5.647515911726453,-0.9409999781101943,S138,0.7806,degraded,safe,full_tracking,5,21.94,nearest_center,0.3318663792305907,1.0,1.0,const2-trial1-tdoa2,mocap_ground_truth
WORKER_05,TAG_005,2,42.003225,122.02099601206378,5.004822270678222,-0.939999983534217,S137,0.8019,good,safe,full_tracking,5,19.81,nearest_center,0.314102799892365,1.0,1.0,const2-trial3-tdoa2,mocap_ground_truth
WORKER_06,TAG_006,2,52.001893,122.84731132608606,1.5159134327273849,-0.8689999737590552,S137,0.8029,good,safe,full_tracking,5,19.71,nearest_center,0.3270759366423525,1.0,1.0,const2-trial4-tdoa3,mocap_ground_truth
WORKER_07,TAG_007,2,62.001704,126.06077679507509,0.6895929882322989,-0.871999979838729,S137,0.7875,degraded,safe,full_tracking,5,21.25,nearest_center,0.3158951649725745,1.0,1.0,const2-trial6-tdoa2,mocap_ground_truth
WORKER_08,TAG_008,2,72.002384,121.74555392572013,3.2603678089488635,-1.0029999808222057,S137,0.8058,good,safe,full_tracking,5,19.42,nearest_center,0.32346453601206804,1.0,1.0,const3-trial7-tdoa3-manual4,mocap_ground_truth
WORKER_09,TAG_009,2,82.002686,145.61703358536994,-8.85899950838594,-0.8989999749511481,S137,0.3,poor,tracking_lost,no_tracking,0,70.0,nearest_center,0.22649421675139167,1.0,1.0,const4-trial1-tdoa2-traj2,mocap_ground_truth
WORKER_10,TAG_010,2,92.003837,122.48006250763363,-4.45195690972447,-0.9219999843090774,S138,0.8038,good,safe,full_tracking,5,19.62,nearest_center,0.3148073794598715,1.0,1.0,const4-trial3-tdoa2-traj2,mocap_ground_truth
WORKER_01,TAG_001,3,3.0001319999999976,117.06307129290413,-8.767185935646754,-0.6309999831765891,S137,0.7795,degraded,safe,full_tracking,9,22.05,nearest_center,0.3166977402089746,0.9,1.0,const4-trial3-tdoa2-traj1,mocap_ground_truth
WORKER_02,TAG_002,3,13.001409999999996,121.19466975303287,-6.5636642942845,-0.8629999765008689,S138,0.7728,degraded,safe,full_tracking,7,22.72,nearest_center,0.2781527636685142,0.9,1.0,const4-trial1-tdoa3-traj3,mocap_ground_truth
WORKER_03,TAG_003,3,23.003213999999993,99.71034024834974,9.320051638632025,-0.7199999698251487,S138,0.8383,good,safe,full_tracking,9,16.17,nearest_center,0.47458551309516617,1.0,1.0,const1-trial5-tdoa2,mocap_ground_truth
WORKER_04,TAG_004,3,33.002618,132.30409426883546,1.9749803665251262,-0.8589999832957984,S138,0.7541,degraded,safe,full_tracking,5,24.59,nearest_center,0.2928020691894625,1.0,1.0,const2-trial1-tdoa2,mocap_ground_truth
WORKER_05,TAG_005,3,43.003225,122.02099601206378,5.004822270678222,-0.939999983534217,S137,0.8019,good,safe,full_tracking,5,19.81,nearest_center,0.314102799892365,1.0,1.0,const2-trial3-tdoa2,mocap_ground_truth
WORKER_06,TAG_006,3,53.001893,118.3484531024963,-1.1466747897126073,-0.8369999834150077,S138,0.7882,degraded,safe,full_tracking,7,21.18,nearest_center,0.31151471996187347,0.9,1.0,const2-trial4-tdoa3,mocap_ground_truth
WORKER_07,TAG_007,3,63.001704,116.60400479733427,4.729381894492181,-0.8109999754279853,S137,0.7951,degraded,safe,full_tracking,8,20.49,nearest_center,0.333433798823719,1.0,1.0,const2-trial6-tdoa2,mocap_ground_truth
WORKER_08,TAG_008,3,73.002384,121.74555392572013,3.2603678089488635,-1.0029999808222057,S137,0.8058,good,safe,full_tracking,5,19.42,nearest_center,0.32346453601206804,1.0,1.0,const3-trial7-tdoa3-manual4,mocap_ground_truth
WORKER_09,TAG_009,3,83.002686,138.54740079758724,-11.521587645318053,-0.8479999759048225,S137,0.6408,degraded,safe,degraded_tracking,2,35.92,nearest_center,0.27218970700585443,1.0,1.0,const4-trial1-tdoa2-traj2,mocap_ground_truth
WORKER_10,TAG_010,3,93.003837,121.28648743015027,-7.298171508071917,-0.8729999818652869,S138,0.7852,degraded,safe,full_tracking,7,21.48,nearest_center,0.3049688489597742,1.0,1.0,const4-trial3-tdoa2-traj2,mocap_ground_truth
WORKER_01,TAG_001,4,4.000131999999998,116.69581152944308,-5.46190415766641,-0.07799998007714759,S138,0.778,degraded,safe,full_tracking,9,22.2,nearest_center,0.2965839352307621,0.9,1.0,const4-trial3-tdoa2-traj1,mocap_ground_truth
WORKER_02,TAG_002,4,14.001409999999996,119.63384585709706,-7.481798653550291,-0.5619999774545432,S138,0.7853,degraded,safe,full_tracking,8,21.47,nearest_center,0.30962205239353924,1.0,1.0,const4-trial1-tdoa3-traj3,mocap_ground_truth
WORKER_03,TAG_003,4,24.003213999999993,102.09749040331644,11.24813256177672,-0.2430000015348197,S138,0.8471,good,safe,full_tracking,9,15.29,nearest_center,0.6166170683517986,1.0,1.0,const1-trial5-tdoa2,mocap_ground_truth
WORKER_04,TAG_004,4,34.002618,124.04088640356942,6.841089963115248,-0.679999978169799,S137,0.7764,degraded,safe,full_tracking,5,22.36,nearest_center,0.2680206463931051,0.9,1.0,const2-trial1-tdoa2,mocap_ground_truth
WORKER_05,TAG_005,4,44.003225,122.02099601206378,4.913008697939036,-0.939999983534217,S137,0.8021,good,safe,full_tracking,5,19.79,nearest_center,0.3145502988460272,1.0,1.0,const2-trial3-tdoa2,mocap_ground_truth
WORKER_06,TAG_006,4,54.001893,116.78762920656051,2.8931142020551546,-0.5479999788850547,S137,0.7837,degraded,safe,full_tracking,8,21.63,nearest_center,0.3088380865884062,0.9,1.0,const2-trial4-tdoa3,mocap_ground_truth
WORKER_07,TAG_007,4,64.001704,116.42038038810806,6.198396322067017,-0.457999975308776,S137,0.8029,good,safe,full_tracking,7,19.71,nearest_center,0.3262131818206446,1.0,1.0,const2-trial6-tdoa2,mocap_ground_truth
WORKER_08,TAG_008,4,74.002384,121.74555392572013,3.2603678089488635,-1.0029999808222057,S137,0.8058,good,safe,full_tracking,5,19.42,nearest_center,0.32346453601206804,1.0,1.0,const3-trial7-tdoa3-manual4,mocap_ground_truth
WORKER_09,TAG_009,4,84.002686,139.46553378872696,-11.61340121805724,-0.5219999857991935,S137,0.6354,degraded,safe,degraded_tracking,2,36.46,nearest_center,0.26687193221375977,1.0,1.0,const4-trial1-tdoa2-traj2,mocap_ground_truth
WORKER_10,TAG_010,4,94.003837,118.25664637038749,-5.186464123511888,-0.593999982699752,S138,0.7996,degraded,safe,full_tracking,7,20.04,nearest_center,0.325978874981473,1.0,1.0,const4-trial3-tdoa2-traj2,mocap_ground_truth
WORKER_01,TAG_001,5,5.000131999999998,117.88938660692644,-5.920970653236268,0.40099999226629723,S138,0.7939,degraded,safe,full_tracking,8,20.61,nearest_center,0.32425211287841904,1.0,1.0,const4-trial3-tdoa2-traj1,mocap_ground_truth
WORKER_02,TAG_002,5,15.001409999999996,119.0829616844098,-7.114545046656582,0.001000016108155144,S138,0.7884,degraded,safe,full_tracking,8,21.16,nearest_center,0.31387231432657964,1.0,1.0,const4-trial1-tdoa3-traj3,mocap_ground_truth
WORKER_03,TAG_003,5,25.003213999999993,103.29106548079979,9.779118134201884,0.2880000761896371,S138,0.85,good,safe,full_tracking,9,15.0,nearest_center,0.6195126067272541,1.0,1.0,const1-trial5-tdoa2,mocap_ground_truth
WORKER_04,TAG_004,5,35.002618,124.40814616703047,6.657463159668394,-0.17899999104440223,S138,0.7802,degraded,safe,full_tracking,5,21.98,nearest_center,0.3147477677806066,0.9,1.0,const2-trial1-tdoa2,mocap_ground_truth
WORKER_05,TAG_005,5,45.003225,122.02099601206378,5.004822270678222,-0.939999983534217,S137,0.8019,good,safe,full_tracking,5,19.81,nearest_center,0.314102799892365,1.0,1.0,const2-trial3-tdoa2,mocap_ground_truth
WORKER_06,TAG_006,5,55.001893,117.88938660692644,3.352181210672291,0.001000016108155144,S137,0.8014,good,safe,full_tracking,7,19.86,nearest_center,0.33793262063406476,1.0,1.0,const2-trial4-tdoa3,mocap_ground_truth
WORKER_07,TAG_007,5,65.001704,116.97125361578672,4.913008697939036,0.0980000189691781,S137,0.7945,degraded,safe,full_tracking,8,20.55,nearest_center,0.3324233312436364,1.0,1.0,const2-trial6-tdoa2,mocap_ground_truth
WORKER_08,TAG_008,5,75.002384,121.74555392572013,3.2603678089488635,-1.0029999808222057,S137,0.8058,good,safe,full_tracking,5,19.42,nearest_center,0.32346453601206804,1.0,1.0,const3-trial7-tdoa3-manual4,mocap_ground_truth
WORKER_09,TAG_009,5,85.002686,139.37372705661815,-9.501693149434171,0.04399999894201745,S137,0.6363,degraded,safe,degraded_tracking,2,36.37,nearest_center,0.2660642926064498,1.0,1.0,const4-trial1-tdoa2-traj2,mocap_ground_truth
WORKER_10,TAG_010,5,95.003837,119.2665970386446,-7.481798653550291,-0.03400001011788856,S138,0.7876,degraded,safe,full_tracking,8,21.24,nearest_center,0.31130789552985644,1.0,1.0,const4-trial3-tdoa2-traj2,mocap_ground_truth
WORKER_01,TAG_001,6,6.000131999999998,120.82742093458042,-3.533822892490197,0.5559999636560677,S138,0.801,good,safe,full_tracking,6,19.9,nearest_center,0.3271857961870906,1.0,1.0,const4-trial3-tdoa2-traj1,mocap_ground_truth
WORKER_02,TAG_002,6,16.001409999999996,117.70576219770022,-3.533822892490197,0.43800005234777917,S138,0.8052,good,safe,full_tracking,7,19.48,nearest_center,0.3377020150006859,1.0,1.0,const4-trial1-tdoa3-traj3,mocap_ground_truth
WORKER_03,TAG_003,6,26.003213999999993,102.18929713542525,8.310104390690086,0.5320000342279672,S138,0.8471,good,safe,full_tracking,9,15.29,nearest_center,0.5447791963867665,1.0,1.0,const1-trial5-tdoa2,mocap_ground_truth
WORKER_04,TAG_004,6,36.002618,124.49995289913927,7.024716766562102,0.32600006379187096,S137,0.775,degraded,safe,full_tracking,5,22.5,nearest_center,0.2663989157017146,0.9,1.0,const2-trial1-tdoa2,mocap_ground_truth
WORKER_05,TAG_005,6,46.003225,122.02099601206378,4.913008697939036,-0.939999983534217,S137,0.8021,good,safe,full_tracking,5,19.79,nearest_center,0.3145502988460272,1.0,1.0,const2-trial3-tdoa2,mocap_ground_truth
WORKER_06,TAG_006,6,56.001893,117.61395546559142,2.70948748411618,0.43200001038610925,S137,0.8041,good,safe,full_tracking,7,19.59,nearest_center,0.34263744886761277,1.0,1.0,const2-trial4-tdoa3,mocap_ground_truth
WORKER_07,TAG_007,6,66.001704,118.53208845673113,5.004822270678222,0.46699997700750817,S137,0.8079,good,safe,full_tracking,6,19.21,nearest_center,0.3275896868511379,1.0,1.0,const2-trial6-tdoa2,mocap_ground_truth
WORKER_08,TAG_008,6,76.002384,121.83737160283754,3.2603678089488635,-1.0029999808222057,S137,0.8054,good,safe,full_tracking,5,19.46,nearest_center,0.3231058972196068,1.0,1.0,const3-trial7-tdoa3-manual4,mocap_ground_truth
WORKER_09,TAG_009,6,86.002686,139.0064672931571,-9.226253115279649,0.4589999607950448,S137,0.6389,degraded,safe,degraded_tracking,2,36.11,nearest_center,0.26828747561463395,1.0,1.0,const4-trial1-tdoa2-traj2,mocap_ground_truth
WORKER_10,TAG_010,6,96.003837,118.62389518883994,-5.46190415766641,0.4220000199228524,S138,0.7993,degraded,safe,full_tracking,7,20.07,nearest_center,0.32457654894490223,1.0,1.0,const4-trial3-tdoa2-traj2,mocap_ground_truth
WORKER_01,TAG_001,7,7.000131999999998,119.1747793615272,-4.543769798400619,0.5520000151544808,S138,0.8085,good,safe,full_tracking,6,19.15,nearest_center,0.3278181877930201,1.0,1.0,const4-trial3-tdoa2-traj1,mocap_ground_truth
WORKER_02,TAG_002,7,17.001409999999996,116.60400479733427,-6.196411371453829,0.5570000103861092,S138,0.7866,degraded,safe,full_tracking,10,21.34,nearest_center,0.3263822185872884,1.0,1.0,const4-trial1-tdoa3-traj3,mocap_ground_truth
WORKER_03,TAG_003,7,27.003213999999993,102.37293248966007,8.401917279366234,0.5459999731928109,S138,0.8476,good,safe,full_tracking,9,15.24,nearest_center,0.5531554454505153,1.0,1.0,const1-trial5-tdoa2,mocap_ground_truth
WORKER_04,TAG_004,7,37.002618,124.77539498548292,6.10658274932783,0.539000003710389,S138,0.7798,degraded,safe,full_tracking,5,22.02,nearest_center,0.3124308615670575,0.9,1.0,const2-trial1-tdoa2,mocap_ground_truth
WORKER_05,TAG_005,7,47.003225,122.02099601206378,4.913008697939036,-0.939999983534217,S137,0.8021,good,safe,full_tracking,5,19.79,nearest_center,0.3145502988460272,1.0,1.0,const2-trial3-tdoa2,mocap_ground_truth
WORKER_06,TAG_006,7,57.001893,118.71571286595734,3.8112480482736677,0.5509999684244393,S137,0.8088,good,safe,full_tracking,6,19.12,nearest_center,0.3333568115169946,1.0,1.0,const2-trial4-tdoa3,mocap_ground_truth
WORKER_07,TAG_007,7,67.001704,117.79757987481763,4.913008697939036,0.5550000361353158,S137,0.8114,good,safe,full_tracking,6,18.86,nearest_center,0.33042668998194685,1.0,1.0,const2-trial6-tdoa2,mocap_ground_truth
WORKER_08,TAG_008,7,77.002384,121.56192951649389,1.6995401934202994,-0.9249999829381705,S137,0.8088,good,safe,full_tracking,5,19.12,nearest_center,0.33155528592704453,1.0,1.0,const3-trial7-tdoa3-manual4,mocap_ground_truth
WORKER_09,TAG_009,7,87.002686,142.2199437071547,-8.308118756013858,0.5580000571161507,S137,0.3,poor,tracking_lost,no_tracking,0,70.0,nearest_center,0.247640262405118,1.0,1.0,const4-trial1-tdoa2-traj2,mocap_ground_truth
WORKER_10,TAG_010,7,97.003837,118.62389518883994,-4.7273969438789925,0.5600000313669442,S138,0.7999,degraded,safe,full_tracking,7,20.01,nearest_center,0.3286299067102054,1.0,1.0,const4-trial3-tdoa2-traj2,mocap_ground_truth
WORKER_01,TAG_001,8,8.000131999999997,121.10286302092403,15.65517516043819,0.5300000599771737,S138,0.7804,degraded,safe,full_tracking,5,21.96,nearest_center,0.26033995417959876,1.0,1.0,const4-trial3-tdoa2-traj1,mocap_ground_truth
WORKER_02,TAG_002,8,18.001409999999996,117.43032011135658,-6.655477867023686,0.5500000409036874,S138,0.7889,degraded,safe,full_tracking,9,21.11,nearest_center,0.3216353339719053,1.0,1.0,const4-trial1-tdoa3-traj3,mocap_ground_truth
WORKER_03,TAG_003,8,28.003213999999993,98.79220725721002,7.2083435700089575,0.5020000628381966,S138,0.8376,good,safe,full_tracking,9,16.24,nearest_center,0.4032791955523364,1.0,1.0,const1-trial5-tdoa2,mocap_ground_truth
WORKER_04,TAG_004,8,38.002618,125.32627915817018,6.382022783482353,0.5470000199228524,S138,0.7902,degraded,safe,full_tracking,5,20.98,nearest_center,0.3448565485498173,1.0,1.0,const2-trial1-tdoa2,mocap_ground_truth
WORKER_05,TAG_005,8,48.003225,122.02099601206378,4.913008697939036,-0.939999983534217,S137,0.8021,good,safe,full_tracking,5,19.79,nearest_center,0.3145502988460272,1.0,1.0,const2-trial3-tdoa2,mocap_ground_truth
WORKER_06,TAG_006,8,58.001893,120.09291235266691,4.453941860337658,0.5190000227838754,S137,0.8016,good,safe,full_tracking,6,19.84,nearest_center,0.32529592734641877,1.0,1.0,const2-trial4-tdoa3,mocap_ground_truth
WORKER_07,TAG_007,8,68.001704,118.07302196116127,6.10658274932783,0.5380000761896371,S137,0.8084,good,safe,full_tracking,6,19.16,nearest_center,0.3231120892066742,1.0,1.0,const2-trial6-tdoa2,mocap_ground_truth
WORKER_08,TAG_008,8,78.002384,103.10743012656496,-24.191836057056456,-0.07999995432794105,S137,0.8463,good,safe,full_tracking,9,15.37,nearest_center,0.47625651032892,1.0,1.0,const3-trial7-tdoa3-manual4,mocap_ground_truth
WORKER_09,TAG_009,8,88.002686,141.3936174481238,-8.85899950838594,0.5439999989420174,S137,0.3,poor,tracking_lost,no_tracking,0,70.0,nearest_center,0.25331447999846224,1.0,1.0,const4-trial1-tdoa2-traj2,mocap_ground_truth
WORKER_10,TAG_010,8,98.003837,117.79757987481763,-2.1566220376545475,0.5489999941736459,S138,0.8058,good,safe,full_tracking,7,19.42,nearest_center,0.34476833530091033,1.0,1.0,const4-trial3-tdoa2-traj2,mocap_ground_truth
WORKER_01,TAG_001,9,9.000131999999997,96.03780828379087,76.34382497781988,0.5200000695139169,S138,0.3,poor,tracking_lost,no_tracking,0,70.0,continuity_fallback,0.2,0.4,1.0,const4-trial3-tdoa2-traj1,mocap_ground_truth
WORKER_02,TAG_002,9,19.001409999999996,118.53208845673113,-4.268329764246096,0.5340000084787606,S138,0.8008,good,safe,full_tracking,7,19.92,nearest_center,0.33132209895195824,1.0,1.0,const4-trial1-tdoa3-traj3,mocap_ground_truth
WORKER_03,TAG_003,9,29.003213999999993,86.12195884547161,33.74241205065393,0.37200006760656823,S138,0.7822,degraded,safe,full_tracking,4,21.78,nearest_center,0.2992589513897165,1.0,1.0,const1-trial5-tdoa2,mocap_ground_truth
WORKER_04,TAG_004,9,39.002618,123.8572619943432,7.575596834871147,0.5250000647455453,S137,0.7772,degraded,safe,full_tracking,5,22.28,nearest_center,0.2663219384711337,0.9,1.0,const2-trial1-tdoa2,mocap_ground_truth
WORKER_05,TAG_005,9,49.003225,127.16254514044961,-0.5957943793720437,-0.8589999832957984,S137,0.7826,degraded,safe,full_tracking,5,21.74,nearest_center,0.31528015166616885,1.0,1.0,const2-trial3-tdoa2,mocap_ground_truth
WORKER_06,TAG_006,9,59.001893,119.45022144787085,23.36749885301697,0.3289999655634164,S137,0.7774,degraded,safe,full_tracking,4,22.26,nearest_center,0.22073497246468812,1.0,1.0,const2-trial4-tdoa3,mocap_ground_truth
WORKER_07,TAG_007,9,69.001704,121.19466975303287,25.938273417209892,0.4120000294595956,S137,0.7775,degraded,safe,full_tracking,3,22.25,nearest_center,0.20209332682634226,1.0,1.0,const2-trial6-tdoa2,mocap_ground_truth
WORKER_08,TAG_008,9,79.002384,52.42644742461995,-35.852133800537736,0.14799997128546227,S125,0.7768,degraded,safe,full_tracking,9,22.32,nearest_center,0.2195220334496377,0.7,1.0,const3-trial7-tdoa3-manual4,mocap_ground_truth
WORKER_09,TAG_009,9,89.002686,138.1801519791348,-10.970707577009009,0.5259999922662972,S137,0.6442,degraded,safe,degraded_tracking,2,35.58,nearest_center,0.27507755193292854,1.0,1.0,const4-trial1-tdoa2-traj2,mocap_ground_truth
WORKER_10,TAG_010,9,99.003837,112.1051465737445,44.85183109395224,0.7039999655634164,S138,0.6496,degraded,safe,degraded_tracking,2,35.04,nearest_center,0.28501208620956314,1.0,1.0,const4-trial3-tdoa2-traj2,mocap_ground_truth
WORKER_01,TAG_001,10,10.000131999999997,51.50831443348024,119.86336815987339,0.5099999598413705,S110,0.3,poor,tracking_lost,no_tracking,0,70.0,nearest_center,0.1386546705011833,0.75,1.0,const4-trial3-tdoa2-traj1,mocap_ground_truth
WORKER_02,TAG_002,10,20.001409999999996,120.09291235266691,3.6276214158425724,0.4740000656992196,S137,0.7893,degraded,safe,full_tracking,6,21.07,nearest_center,0.29649595084090563,0.9,1.0,const4-trial1-tdoa3-traj3,mocap_ground_truth
WORKER_03,TAG_003,10,30.003213999999993,58.853383835102264,58.532027437695625,0.2779999665170907,S121,0.7098,degraded,safe,full_tracking,3,29.02,nearest_center,0.18578999593228687,0.75,1.0,const1-trial5-tdoa2,mocap_ground_truth
WORKER_04,TAG_004,10,40.002618,113.11509724200162,49.626128667633495,0.5099999598413705,S138,0.3,poor,tracking_lost,no_tracking,0,70.0,nearest_center,0.229129891427801,0.9,1.0,const2-trial1-tdoa2,mocap_ground_truth
WORKER_05,TAG_005,10,50.003225,118.80751959806615,5.922955945880975,-0.6899999686330558,S137,0.8037,good,safe,full_tracking,6,19.63,nearest_center,0.3206933409990118,1.0,1.0,const2-trial3-tdoa2,mocap_ground_truth
WORKER_06,TAG_006,10,60.001893,108.79986342763809,43.75007095733415,0.16000005520880212,S138,0.6464,degraded,safe,degraded_tracking,2,35.36,nearest_center,0.2644623876672272,0.9,1.0,const2-trial4-tdoa3,mocap_ground_truth
WORKER_07,TAG_007,10,70.001704,108.0653548457246,79.00641174662591,0.21500000275671471,S137,0.3,poor,tracking_lost,no_tracking,0,70.0,continuity_fallback,0.2,0.4,1.0,const2-trial6-tdoa2,mocap_ground_truth
WORKER_08,TAG_008,10,80.002384,6.887005642304327,-42.92176658832043,0.1149999789148568,S116,0.7185,degraded,safe,full_tracking,5,28.15,nearest_center,0.1901343255443359,0.7,1.0,const3-trial7-tdoa3-manual4,mocap_ground_truth
WORKER_09,TAG_009,10,90.002686,135.8848195012855,-11.888840568148725,0.5160000018030404,S137,0.7524,degraded,safe,full_tracking,3,24.76,nearest_center,0.28991746476007074,1.0,1.0,const4-trial1-tdoa2-traj2,mocap_ground_truth
WORKER_10,TAG_010,10,100.003837,79.51139255325877,98.83810515076011,0.7750000647455453,S121,0.3,poor,tracking_lost,no_tracking,0,70.0,nearest_center,0.1,0.75,1.0,const4-trial3-tdoa2-traj2,mocap_ground_truth
WORKER_01,TAG_001,11,11.000131999999997,-6.242307896877863,139.97049817784693,0.5010000161081551,S102,0.7878,degraded,safe,full_tracking,14,21.22,nearest_center,0.41666414390186784,0.7,1.0,const4-trial3-tdoa2-traj1,mocap_ground_truth
WORKER_02,TAG_002,11,21.001409999999996,114.58410346082003,40.07753625652313,0.29500004567205895,S138,0.6604,degraded,safe,degraded_tracking,2,33.96,nearest_center,0.27882276545108997,0.9,1.0,const4-trial1-tdoa3-traj3,mocap_ground_truth
WORKER_03,TAG_003,11,31.003213999999993,17.81280027637641,69.36600439465029,0.2490000418573617,S108,0.7906,degraded,safe,full_tracking,13,20.94,nearest_center,0.3825678702997354,0.7,1.0,const1-trial5-tdoa2,mocap_ground_truth
WORKER_04,TAG_004,11,41.002618,89.51905966869545,93.145671849687,0.5060000113397836,S138,0.3,poor,tracking_lost,no_tracking,0,70.0,continuity_fallback,0.2,0.4,1.0,const2-trial1-tdoa2,mocap_ground_truth
WORKER_05,TAG_005,11,51.003225,120.09291235266691,7.2083435700089575,-0.19600001059472572,S137,0.7964,degraded,safe,full_tracking,6,20.36,nearest_center,0.31034156698636467,1.0,1.0,const2-trial3-tdoa2,mocap_ground_truth
WORKER_06,TAG_006,11,61.001893,92.45708305134082,63.1226978658985,0.08199998654425134,S138,0.3,poor,tracking_lost,no_tracking,0,70.0,nearest_center,0.1608110609934964,1.0,1.0,const2-trial4-tdoa3,mocap_ground_truth
WORKER_07,TAG_007,11,71.001704,85.9383344362454,117.93528450047654,0.08399996079504479,S137,0.3,poor,tracking_lost,no_tracking,0,70.0,continuity_fallback,0.2,0.4,1.0,const2-trial6-tdoa2,mocap_ground_truth
WORKER_08,TAG_008,11,81.002384,0.09281630899134008,-79.55530686432178,0.030999987497925652,S115,0.7755,degraded,safe,full_tracking,3,22.45,nearest_center,0.2215762626558231,0.9,1.0,const3-trial7-tdoa3-manual4,mocap_ground_truth
WORKER_09,TAG_009,11,91.002686,138.63921847470465,-10.052573217743216,0.5070000580698251,S137,0.6413,degraded,safe,degraded_tracking,2,35.87,nearest_center,0.27142649154222936,1.0,1.0,const4-trial1-tdoa2-traj2,mocap_ground_truth
WORKER_10,TAG_010,11,101.003837,28.646779969583232,128.95289133916174,0.6529999665170907,S110,0.7258,degraded,safe,full_tracking,4,27.42,nearest_center,0.2084910354597209,0.7,1.0,const4-trial3-tdoa2-traj2,mocap_ground_truth
WORKER_01,TAG_001,12,12.000131999999997,-69.22628882398277,127.20844303399971,0.4960000208765267,S082,0.7707,degraded,safe,full_tracking,11,22.93,nearest_center,0.2653045206131378,0.7,1.0,const4-trial3-tdoa2-traj1,mocap_ground_truth
WORKER_02,TAG_002,12,22.001409999999996,96.22143269301709,59.81741471979208,0.13900002755224694,S138,0.3,poor,tracking_lost,no_tracking,0,70.0,nearest_center,0.18679839408098647,1.0,1.0,const4-trial1-tdoa3-traj3,mocap_ground_truth
WORKER_03,TAG_003,12,32.00321399999999,-28.46114735160055,68.99875010369354,0.27599999226629723,S090,0.7644,degraded,safe,full_tracking,12,23.56,nearest_center,0.29239808521531774,0.7,1.0,const1-trial5-tdoa2,mocap_ground_truth
WORKER_04,TAG_004,12,42.002618,51.875563251932675,123.71953547866707,0.4960000208765267,S110,0.3,poor,tracking_lost,no_tracking,0,70.0,nearest_center,0.13339217573169151,0.75,1.0,const2-trial1-tdoa2,mocap_ground_truth
WORKER_05,TAG_005,12,52.003225,120.09291235266691,7.759223638318002,0.32100006856024255,S137,0.796,degraded,safe,full_tracking,6,20.4,nearest_center,0.3078601088350351,1.0,1.0,const2-trial3-tdoa2,mocap_ground_truth
WORKER_06,TAG_006,12,62.001893,68.86104000553033,82.03625280638869,0.11900004662573327,S121,0.3,poor,tracking_lost,no_tracking,0,70.0,nearest_center,0.16632340789769282,0.75,1.0,const2-trial4-tdoa3,mocap_ground_truth
WORKER_07,TAG_007,12,72.001704,56.37442147552245,138.31785660479375,0.04899999417364587,S111,0.3,poor,tracking_lost,no_tracking,0,70.0,nearest_center,0.10981310032777883,0.75,1.0,const2-trial6-tdoa2,mocap_ground_truth
WORKER_08,TAG_008,12,82.002384,16.25197090793631,-136.75504365386652,-0.039000005349516975,S113,0.7213,degraded,safe,full_tracking,3,27.87,nearest_center,0.18978444907335107,0.7,1.0,const3-trial7-tdoa3-manual4,mocap_ground_truth
WORKER_09,TAG_009,12,92.002686,115.1349876335073,43.841885898199415,0.6659999779611825,S138,0.6376,degraded,safe,degraded_tracking,2,36.24,nearest_center,0.25814174531245304,0.9,1.0,const4-trial1-tdoa2-traj2,mocap_ground_truth
WORKER_10,TAG_010,12,102.003837,-32.776377061585876,140.61318908264303,0.41500005044043053,S093,0.7327,degraded,safe,full_tracking,15,26.73,nearest_center,0.29873409349028673,0.4,1.0,const4-trial3-tdoa2-traj2,mocap_ground_truth
WORKER_01,TAG_001,13,13.000131999999997,-121.6517362486027,91.95209677220365,0.48800000466406335,S063,0.7292,degraded,safe,full_tracking,4,27.08,nearest_center,0.16828627304192256,0.7,1.0,const4-trial3-tdoa2-traj1,mocap_ground_truth
WORKER_02,TAG_002,13,23.001409999999996,69.13648209187396,42.00561717966783,0.020999997034668816,S132,0.6128,degraded,safe,degraded_tracking,2,38.72,nearest_center,0.21934819325661867,0.9,1.0,const4-trial1-tdoa3-traj3,mocap_ground_truth
WORKER_03,TAG_003,13,33.00321399999999,-73.4497049612289,54.95130220524557,0.35900005616247643,S090,0.7898,degraded,safe,full_tracking,6,21.02,nearest_center,0.2444714621915215,1.0,1.0,const1-trial5-tdoa2,mocap_ground_truth
WORKER_04,TAG_004,13,43.002618,5.050738291898817,138.9605584545984,0.4920000723749398,S111,0.831,good,safe,full_tracking,12,16.9,nearest_center,0.714536826663479,0.9,1.0,const2-trial1-tdoa2,mocap_ground_truth
WORKER_05,TAG_005,13,53.003225,120.82742093458042,5.922955945880975,0.539000003710389,S137,0.796,degraded,safe,full_tracking,6,20.4,nearest_center,0.3152263356951211,1.0,1.0,const2-trial3-tdoa2,mocap_ground_truth
WORKER_06,TAG_006,13,63.001893,41.59246499516097,98.83810515076011,0.2410000256448983,S121,0.7788,degraded,safe,full_tracking,3,22.12,nearest_center,0.3232422841449853,1.0,1.0,const2-trial4-tdoa3,mocap_ground_truth
WORKER_07,TAG_007,13,73.001704,16.435598053414687,137.9506077863413,0.11700007237493981,S111,0.7891,degraded,safe,full_tracking,8,21.09,nearest_center,0.34394702713305025,1.0,1.0,const2-trial6-tdoa2,mocap_ground_truth
WORKER_08,TAG_008,13,83.002384,44.1632395593539,-182.93719002223895,-0.10499999009072791,S113,0.3,poor,tracking_lost,no_tracking,0,70.0,continuity_fallback,0.2,0.4,1.0,const3-trial7-tdoa3-manual4,mocap_ground_truth
WORKER_09,TAG_009,13,93.002686,81.89854270822548,98.74628747364271,0.7510000161081551,S121,0.3,poor,tracking_lost,no_tracking,0,70.0,nearest_center,0.1,0.75,1.0,const4-trial1-tdoa2-traj2,mocap_ground_truth
WORKER_10,TAG_010,13,103.003837,-92.54688978344961,114.35457021303509,0.2420000723749398,S066,0.736,degraded,safe,full_tracking,11,26.4,nearest_center,0.2547870611835252,0.4,1.0,const4-trial3-tdoa2-traj2,mocap_ground_truth
WORKER_01,TAG_001,14,14.000131999999997,-152.68465542814405,37.04769519676035,0.4849999836832284,S044,0.7447,degraded,safe,full_tracking,6,25.53,nearest_center,0.24984086056811183,0.75,1.0,const4-trial3-tdoa2-traj1,mocap_ground_truth
WORKER_02,TAG_002,14,24.001409999999996,31.033924652045638,-0.6876077810954708,-0.03699997149407874,S126,0.7712,degraded,safe,full_tracking,11,22.88,nearest_center,0.24189135310613957,0.9,1.0,const4-trial1-tdoa3-traj3,mocap_ground_truth
WORKER_03,TAG_003,14,34.00321399999999,-109.44055433243416,31.99795827298761,0.47499999321997155,S078,0.3,poor,tracking_lost,no_tracking,0,70.0,nearest_center,0.11919116228747693,0.7,1.0,const1-trial5-tdoa2,mocap_ground_truth
WORKER_04,TAG_004,14,44.002618,-43.610355386666626,137.76698337711505,0.48800000466406335,S093,0.7598,degraded,safe,full_tracking,14,24.02,nearest_center,0.25658962848582995,0.7,1.0,const2-trial1-tdoa2,mocap_ground_truth
WORKER_05,TAG_005,14,54.003225,120.46016117111937,7.300156800716625,0.5480000666528939,S137,0.7954,degraded,safe,full_tracking,6,20.46,nearest_center,0.3092957916120854,1.0,1.0,const2-trial3-tdoa2,mocap_ground_truth
WORKER_06,TAG_006,14,64.00189300000001,11.569488275120321,113.16099513555173,0.42800006188452233,S110,0.7827,degraded,safe,full_tracking,9,21.73,nearest_center,0.46236122657645123,0.7,1.0,const2-trial4-tdoa3,mocap_ground_truth
WORKER_07,TAG_007,14,74.001704,-26.71669357393423,113.52824395400418,0.26500007428228844,S102,0.7847,degraded,safe,full_tracking,12,21.53,nearest_center,0.2707109184998812,0.9,1.0,const2-trial6-tdoa2,mocap_ground_truth
WORKER_08,TAG_008,14,84.002384,80.24590113517228,-190.83313812404396,-0.09399995289742957,S113,0.3,poor,tracking_lost,no_tracking,0,70.0,continuity_fallback,0.2,0.4,1.0,const3-trial7-tdoa3-manual4,mocap_ground_truth
WORKER_09,TAG_009,14,94.002686,29.840352310814435,131.52366590335467,0.632999985590577,S110,0.7164,degraded,safe,full_tracking,4,28.36,nearest_center,0.19760108762069903,0.7,1.0,const4-trial1-tdoa2-traj2,mocap_ground_truth
WORKER_10,TAG_010,14,104.003837,-138.45358312046983,68.6315012852411,0.261000006571412,S058,0.4921,poor,safe,weak_tracking,1,50.79,nearest_center,0.13124109577636336,0.7,1.0,const4-trial3-tdoa2-traj2,mocap_ground_truth
WORKER_01,TAG_001,15,15.000131999999997,-155.80631416502425,-24.742714757239426,0.48100003518164147,S042,0.8162,good,safe,full_tracking,8,18.38,bounds_contains,0.6649999999999999,0.7,1.0,const4-trial3-tdoa2-traj1,mocap_ground_truth
WORKER_02,TAG_002,15,25.001409999999996,-10.649350495539334,-52.65398614490916,-0.030000002011656868,S096,0.7537,degraded,safe,full_tracking,6,24.63,nearest_center,0.2603040520783403,0.75,1.0,const4-trial1-tdoa3-traj3,mocap_ground_truth
WORKER_03,TAG_003,15,35.00321399999999,-130.2821929323212,6.932903193822916,0.5830000332742928,S042,0.3,poor,tracking_lost,no_tracking,0,70.0,nearest_center,0.18307848023849863,0.75,1.0,const1-trial5-tdoa2,mocap_ground_truth
WORKER_04,TAG_004,15,45.002618,-89.05798222811697,118.4861686731638,0.4819999627023934,S082,0.7875,degraded,safe,full_tracking,10,21.25,nearest_center,0.24760242781358066,0.9,1.0,const2-trial1-tdoa2,mocap_ground_truth
WORKER_05,TAG_005,15,55.003225,121.10286302092403,20.33765779325418,0.4589999607950448,S137,0.8003,good,safe,full_tracking,3,19.97,nearest_center,0.23492580246756073,1.0,1.0,const2-trial3-tdoa2,mocap_ground_truth
WORKER_06,TAG_006,15,65.00189300000001,-19.096182085968564,124.7294752019156,0.6199999741464852,S110,0.8115,good,safe,full_tracking,10,18.85,nearest_center,0.3003464575345104,1.0,1.0,const2-trial4-tdoa3,mocap_ground_truth
WORKER_07,TAG_007,15,75.001704,-65.92101115038065,71.11045817231661,0.43800005234777917,S078,0.7734,degraded,safe,full_tracking,7,22.66,nearest_center,0.19599885789100885,0.75,1.0,const2-trial6-tdoa2,mocap_ground_truth
WORKER_08,TAG_008,15,85.002384,103.19924780368238,-147.40540167409927,0.03900000371038903,S127,0.3,poor,tracking_lost,no_tracking,0,70.0,nearest_center,0.1579552533077382,0.7,1.0,const3-trial7-tdoa3-manual4,mocap_ground_truth
WORKER_09,TAG_009,15,95.002686,-33.4190707026341,138.40967428191115,0.40200003899633874,S093,0.7308,degraded,safe,full_tracking,16,26.92,nearest_center,0.3130326017390116,0.4,1.0,const4-trial1-tdoa2-traj2,mocap_ground_truth
WORKER_10,TAG_010,15,105.003837,-157.18351365173382,11.431759023192054,0.4550000122934579,S042,0.7577,degraded,safe,full_tracking,9,24.23,nearest_center,0.24176303810420818,0.75,1.0,const4-trial3-tdoa2-traj2,mocap_ground_truth
WORKER_01,TAG_001,16,16.000131999999997,-130.55763501866483,-83.22784430138493,0.479000060930848,S060,0.7488,degraded,safe,full_tracking,7,25.12,nearest_center,0.20331829119772055,0.75,1.0,const4-trial3-tdoa2-traj1,mocap_ground_truth
WORKER_02,TAG_002,16,26.001409999999996,-48.38465296034788,-97.45891660905914,0.037000029459595574,S086,0.667,degraded,safe,degraded_tracking,2,33.3,nearest_center,0.19697759809583756,0.9,1.0,const4-trial1-tdoa3-traj3,mocap_ground_truth
WORKER_03,TAG_003,16,36.00321399999999,-132.21027659171804,-14.551428705080836,0.6579999617487191,S042,0.749,degraded,safe,full_tracking,4,25.1,nearest_center,0.29030300619170335,1.0,1.0,const1-trial5-tdoa2,mocap_ground_truth
WORKER_04,TAG_004,16,46.002618,-125.69152797662261,85.61697803883875,0.479000060930848,S045,0.3,poor,tracking_lost,no_tracking,0,70.0,nearest_center,0.1779210203351312,0.75,1.0,const2-trial1-tdoa2,mocap_ground_truth
WORKER_05,TAG_005,16,56.003225,115.3186120427335,61.19461420650166,0.3110000780969857,S138,0.3,poor,tracking_lost,no_tracking,0,70.0,nearest_center,0.1630929680947545,0.9,1.0,const2-trial3-tdoa2,mocap_ground_truth
WORKER_06,TAG_006,16,66.001893,-50.58817323358406,132.34999216238558,0.7620000533014535,S092,0.7639,degraded,safe,full_tracking,12,23.61,nearest_center,0.2246238830039086,0.7,1.0,const2-trial4-tdoa3,mocap_ground_truth
WORKER_07,TAG_007,16,76.00170399999999,-102.18729713542524,17.03237601527384,0.6099999836832284,S077,0.3,poor,tracking_lost,no_tracking,0,70.0,nearest_center,0.1943406232756622,0.9,1.0,const2-trial6-tdoa2,mocap_ground_truth
WORKER_08,TAG_008,16,86.002384,112.19696425086192,-96.81622570426306,0.2100000075250863,S127,0.7983,degraded,safe,full_tracking,9,20.17,nearest_center,0.2956477579733558,1.0,1.0,const3-trial7-tdoa3-manual4,mocap_ground_truth
WORKER_09,TAG_009,16,96.002686,-93.2813983653631,116.46627828165815,0.22900006093084802,S067,0.7665,degraded,safe,full_tracking,11,23.35,nearest_center,0.23202509201112054,0.7,1.0,const4-trial1-tdoa2-traj2,mocap_ground_truth
WORKER_10,TAG_010,16,106.003837,-147.26767515842317,-49.440515203415856,0.6720000199228524,S057,0.8129,good,safe,full_tracking,8,18.71,nearest_center,0.3853460707594363,0.7,1.0,const4-trial3-tdoa2-traj2,mocap_ground_truth
WORKER_01,TAG_001,17,17.000131999999997,-81.80472503110805,-123.07485551887959,0.4780000142008065,S065,0.828,good,safe,full_tracking,8,17.2,nearest_center,0.3929637768265999,0.9,1.0,const4-trial3-tdoa2-traj1,mocap_ground_truth
WORKER_02,TAG_002,17,27.001409999999996,-89.70067860541735,-111.3227400982809,0.16000005520880212,S065,0.7573,degraded,safe,full_tracking,10,24.27,nearest_center,0.32340908307391675,0.4,1.0,const4-trial1-tdoa3-traj3,mocap_ground_truth
WORKER_03,TAG_003,17,37.00321399999999,-115.68386086118595,-25.752662689244403,0.6839999846369027,S057,0.4912,poor,safe,weak_tracking,1,50.88,nearest_center,0.18223394620938174,0.7,1.0,const1-trial5-tdoa2,mocap_ground_truth
WORKER_04,TAG_004,17,47.002618,-148.3694325587891,42.923750170807544,0.476999967470765,S045,0.756,degraded,safe,full_tracking,5,24.4,nearest_center,0.27057605494732956,1.0,1.0,const2-trial1-tdoa2,mocap_ground_truth
WORKER_05,TAG_005,17,57.003225,101.17935741217673,83.6888943794419,0.1730000666528939,S138,0.3,poor,tracking_lost,no_tracking,0,70.0,continuity_fallback,0.2,0.4,1.0,const2-trial3-tdoa2,mocap_ground_truth
WORKER_06,TAG_006,17,67.001893,-79.96845904882862,137.58334802288024,0.823000042811036,S081,0.7837,degraded,safe,full_tracking,11,21.63,nearest_center,0.2572592383055019,0.9,1.0,const2-trial4-tdoa3,mocap_ground_truth
WORKER_07,TAG_007,17,77.00170399999999,-130.3740106094386,-39.06560474203104,0.726000039950013,S056,0.7521,degraded,safe,full_tracking,5,24.79,nearest_center,0.22265153427025952,0.75,1.0,const2-trial6-tdoa2,mocap_ground_truth
WORKER_08,TAG_008,17,87.002384,81.2558518034294,-45.767983238856985,0.2870000294595956,S128,0.7879,degraded,safe,full_tracking,6,21.21,nearest_center,0.18906625818184727,0.9,1.0,const3-trial7-tdoa3-manual4,mocap_ground_truth
WORKER_09,TAG_009,17,97.002686,-136.15825064262054,71.47771246327336,0.24999996937811364,S045,0.7316,degraded,safe,full_tracking,3,26.84,nearest_center,0.23686072149393345,0.75,1.0,const4-trial1-tdoa2-traj2,mocap_ground_truth
WORKER_10,TAG_010,17,107.003837,-110.35868732357388,-101.49870833707905,0.7410000256448983,S060,0.7464,degraded,safe,full_tracking,9,25.36,bounds_contains,0.38,0.4,1.0,const4-trial3-tdoa2-traj2,mocap_ground_truth
WORKER_01,TAG_001,18,18.000131999999997,-20.014316103202837,-137.94861873134985,0.4780000142008065,S085,0.6227,degraded,safe,degraded_tracking,2,37.73,nearest_center,0.1945403859480467,0.7,1.0,const4-trial3-tdoa2-traj1,mocap_ground_truth
WORKER_02,TAG_002,18,28.001409999999996,-120.45816117111936,-94.33725787217895,0.31600007332861413,S061,0.7868,degraded,safe,full_tracking,8,21.32,nearest_center,0.49093586511365694,0.7,1.0,const4-trial1-tdoa3-traj3,mocap_ground_truth
WORKER_03,TAG_003,18,38.00321399999999,-84.74275388625773,-24.467275407147945,0.6410000018030404,S076,0.7407,degraded,safe,full_tracking,3,25.93,nearest_center,0.23311511466035886,0.75,1.0,const1-trial5-tdoa2,mocap_ground_truth
WORKER_04,TAG_004,18,48.002618,-154.7045567646583,-5.186464123511888,0.4719999722391366,S042,0.736,degraded,safe,full_tracking,7,26.4,bounds_contains,0.38,0.4,1.0,const2-trial1-tdoa2,mocap_ground_truth
WORKER_05,TAG_005,18,58.003225,81.62310062188185,79.37366603758265,0.07000002183020104,S121,0.3,poor,tracking_lost,no_tracking,0,70.0,nearest_center,0.10729605759744322,0.75,1.0,const2-trial3-tdoa2,mocap_ground_truth
WORKER_06,TAG_006,18,68.001893,-107.23702858669368,138.9605584545984,0.7790000132471322,S067,0.7545,degraded,safe,full_tracking,11,24.55,nearest_center,0.2444589559987921,0.7,1.0,const2-trial4-tdoa3,mocap_ground_truth
WORKER_07,TAG_007,18,78.00170399999999,-147.91036606321924,-88.3693934297708,0.7570000580698251,S055,0.8288,good,safe,full_tracking,13,17.12,nearest_center,0.6857548085646552,0.9,1.0,const2-trial6-tdoa2,mocap_ground_truth
WORKER_08,TAG_008,18,88.002384,51.78375104731957,-8.399932328753044,0.24799999512732018,S118,0.7901,degraded,safe,full_tracking,9,20.99,nearest_center,0.24604562485531384,0.75,1.0,const3-trial7-tdoa3-manual4,mocap_ground_truth
WORKER_09,TAG_009,18,98.002686,-157.18351365173382,11.799012630085764,0.44100007332861413,S044,0.7775,degraded,safe,full_tracking,9,22.25,nearest_center,0.2886747023356789,0.9,1.0,const4-trial1-tdoa2-traj2,mocap_ground_truth
WORKER_10,TAG_010,18,108.003837,-56.46423094388339,-132.07256102105052,0.6080000094324349,S072,0.7528,degraded,safe,full_tracking,3,24.72,nearest_center,0.23486278405451383,0.7,1.0,const4-trial3-tdoa2-traj2,mocap_ground_truth
WORKER_01,TAG_001,19,19.000131999999997,41.77609487689149,-125.92107216941615,0.4740000656992196,S104,0.7539,degraded,safe,full_tracking,7,24.61,nearest_center,0.19013519686481295,0.7,1.0,const4-trial3-tdoa2-traj1,mocap_ground_truth
WORKER_02,TAG_002,19,29.001409999999996,-141.11617536178017,-54.30662771796237,0.49400004662573327,S056,0.7716,degraded,safe,full_tracking,10,22.84,nearest_center,0.33360176100918326,0.7,1.0,const4-trial1-tdoa3-traj3,mocap_ground_truth
WORKER_03,TAG_003,19,39.00321399999999,-40.76414147238221,-12.347908431844656,0.5520000151544808,S076,0.7665,degraded,safe,full_tracking,6,23.35,nearest_center,0.34287363773357454,1.0,1.0,const1-trial5-tdoa2,mocap_ground_truth
WORKER_04,TAG_004,19,49.002618,-144.3296408307692,-52.83761055413539,0.47999998845159997,S041,0.8152,good,safe,full_tracking,8,18.48,nearest_center,0.29332406391004123,0.9,1.0,const2-trial1-tdoa2,mocap_ground_truth
WORKER_05,TAG_005,19,59.003225,56.0071671845657,46.96353916257531,-0.00299993239343177,S120,0.7393,degraded,safe,full_tracking,5,26.07,nearest_center,0.25880049775667474,0.9,1.0,const2-trial3-tdoa2,mocap_ground_truth
WORKER_06,TAG_006,19,69.001893,-129.73130875963395,136.38978389040548,0.6410000018030404,S059,0.7802,degraded,safe,full_tracking,9,21.98,nearest_center,0.322003159823329,0.7,1.0,const2-trial4-tdoa3,mocap_ground_truth
WORKER_07,TAG_007,19,79.00170399999999,-153.78642377351858,-122.15672252773987,0.6870000056177377,S038,0.8377,good,safe,full_tracking,8,16.23,bounds_contains,0.6649999999999999,0.7,1.0,const2-trial6-tdoa2,mocap_ground_truth
WORKER_08,TAG_008,19,89.002384,32.31931193414209,21.255792152519973,0.25499996460974206,S118,0.8123,good,safe,full_tracking,11,18.77,nearest_center,0.33845569301696155,1.0,1.0,const3-trial7-tdoa3-manual4,mocap_ground_truth
WORKER_09,TAG_009,19,99.002686,-147.81854838610184,-49.25689079418963,0.664000003710389,S057,0.7677,degraded,safe,full_tracking,8,23.23,nearest_center,0.22125737146078386,0.4,1.0,const4-trial1-tdoa2-traj2,mocap_ground_truth
WORKER_10,TAG_010,19,109.003837,8.080580719787676,-139.32581821805942,0.36799999989569177,S095,0.6117,degraded,safe,degraded_tracking,2,38.83,nearest_center,0.18402249150321515,0.7,1.0,const4-trial3-tdoa2-traj2,mocap_ground_truth
WORKER_01,TAG_001,20,20.000131999999997,91.5389500602011,-87.72669705247041,0.4730000189691781,S128,0.7323,degraded,safe,full_tracking,15,26.77,nearest_center,0.28905525064825266,0.4,1.0,const4-trial3-tdoa2-traj1,mocap_ground_truth
WORKER_02,TAG_002,20,30.001409999999996,-152.96009751448767,-12.623347781936141,0.6709999731928109,S042,0.7363,degraded,safe,full_tracking,8,26.37,bounds_contains,0.38,0.4,1.0,const4-trial1-tdoa3-traj3,mocap_ground_truth
WORKER_03,TAG_003,20,40.00321399999999,5.509806155594752,10.146371741095592,0.4300000361353158,S119,0.7415,degraded,safe,full_tracking,8,25.85,nearest_center,0.16036892014367882,0.75,1.0,const1-trial5-tdoa2,mocap_ground_truth
WORKER_04,TAG_004,20,50.002618,-118.16282869327006,-93.32731814893042,0.4740000656992196,S061,0.7255,degraded,safe,full_tracking,8,27.45,nearest_center,0.24728857498526785,0.4,1.0,const2-trial1-tdoa2,mocap_ground_truth
WORKER_05,TAG_005,20,60.003225,28.55496502871797,-10.052573217743216,-0.03400001011788856,S118,0.7354,degraded,safe,full_tracking,10,26.46,nearest_center,0.2187479896042102,0.7,1.0,const2-trial3-tdoa2,mocap_ground_truth
WORKER_06,TAG_006,20,70.001893,-144.5132652399954,130.2382840937625,0.4400000265985726,S059,0.833,good,safe,full_tracking,12,16.7,nearest_center,0.6169302679998484,1.0,1.0,const2-trial4-tdoa3,mocap_ground_truth
WORKER_07,TAG_007,20,80.00170399999999,-148.09399047244545,-135.74510393061797,0.5359999827295541,S053,0.7969,degraded,safe,full_tracking,12,20.31,nearest_center,0.5181274823468062,0.7,1.0,const2-trial6-tdoa2,mocap_ground_truth
WORKER_08,TAG_008,20,90.002384,13.038502702695155,40.90385704304974,0.23199996270239343,S107,0.7986,degraded,safe,full_tracking,15,20.14,nearest_center,0.5530464741806991,0.7,1.0,const3-trial7-tdoa3-manual4,mocap_ground_truth
WORKER_09,TAG_009,20,100.002686,-111.46044472393982,-100.21331558247829,0.7410000256448983,S060,0.751,degraded,safe,full_tracking,8,24.9,bounds_contains,0.38,0.4,1.0,const4-trial1-tdoa2-traj2,mocap_ground_truth
WORKER_10,TAG_010,20,110.003837,62.709545681391646,-113.06718840344293,0.21900007046759118,S122,0.7442,degraded,safe,full_tracking,11,25.58,nearest_center,0.32869060995531374,0.4,1.0,const4-trial3-tdoa2-traj2,mocap_ground_truth
WORKER_01,TAG_001,21,21.000131999999997,118.53208845673113,-31.077838963108626,0.4730000189691781,S130,0.7446,degraded,safe,full_tracking,8,25.54,nearest_center,0.1929804899438416,0.7,1.0,const4-trial3-tdoa2-traj1,mocap_ground_truth
WORKER_02,TAG_002,21,31.001409999999996,-152.96009751448767,10.238185313834778,0.8280000380426644,S042,0.7807,degraded,safe,full_tracking,8,21.93,nearest_center,0.32252655112661965,1.0,1.0,const4-trial1-tdoa3-traj3,mocap_ground_truth
WORKER_03,TAG_003,21,41.00321399999999,49.94748506504014,38.14945533337844,0.3039999894052743,S119,0.7717,degraded,safe,full_tracking,9,22.83,nearest_center,0.3274356045617055,1.0,1.0,const1-trial5-tdoa2,mocap_ground_truth
WORKER_04,TAG_004,21,51.002618,-79.0503260576889,-122.06490485062245,0.479000060930848,S065,0.8045,good,safe,full_tracking,7,19.55,nearest_center,0.27468740692753685,0.7,1.0,const2-trial1-tdoa2,mocap_ground_truth
WORKER_05,TAG_005,21,61.003225,-1.5598252640618693,-71.38391667617314,-0.026999981030821907,S086,0.7107,degraded,safe,degraded_tracking,2,28.93,nearest_center,0.17568461557582882,0.75,1.0,const2-trial3-tdoa2,mocap_ground_truth
WORKER_06,TAG_006,21,71.001893,-153.32735727794872,120.87331882813051,0.22900006093084802,S047,0.7984,degraded,safe,full_tracking,8,20.16,nearest_center,0.25006111924186075,0.7,1.0,const2-trial4-tdoa3,mocap_ground_truth
WORKER_07,TAG_007,21,81.00170399999999,-129.73130875963395,-128.21640464726542,0.33199998654425134,S052,0.7727,degraded,safe,full_tracking,6,22.73,nearest_center,0.24239383330276323,0.9,1.0,const2-trial6-tdoa2,mocap_ground_truth
WORKER_08,TAG_008,21,91.002384,4.683485369068148,55.31855649620232,0.06399997986853112,S108,0.7923,degraded,safe,full_tracking,16,20.77,nearest_center,0.4060753766819975,0.9,1.0,const3-trial7-tdoa3-manual4,mocap_ground_truth
WORKER_09,TAG_009,21,101.002686,-57.10692458493163,-132.71526287085518,0.6130000046640633,S072,0.7495,degraded,safe,full_tracking,3,25.05,nearest_center,0.23287693503816037,0.7,1.0,const4-trial1-tdoa2-traj2,mocap_ground_truth
WORKER_10,TAG_010,21,111.003837,106.87177976824124,-65.14060467491706,0.2620000533014535,S135,0.737,degraded,safe,full_tracking,11,26.3,nearest_center,0.28085098367959044,0.4,1.0,const4-trial3-tdoa2-traj2,mocap_ground_truth
WORKER_01,TAG_001,22,22.000131999999997,116.87944688367791,31.630703982030866,0.4740000656992196,S132,0.6662,degraded,safe,degraded_tracking,2,33.38,nearest_center,0.17241790892327669,0.7,1.0,const4-trial3-tdoa2-traj1,mocap_ground_truth
WORKER_02,TAG_002,22,32.00140999999999,-140.10622469352305,4.913008697939036,0.9400000265985726,S042,0.7553,degraded,safe,full_tracking,4,24.47,nearest_center,0.3016279064777869,1.0,1.0,const4-trial1-tdoa3-traj3,mocap_ground_truth
WORKER_03,TAG_003,22,42.00321399999999,81.62310062188185,67.52973841237086,0.2110000542551278,S120,0.3,poor,tracking_lost,no_tracking,0,70.0,nearest_center,0.13082232116532824,0.9,1.0,const1-trial5-tdoa2,mocap_ground_truth
WORKER_04,TAG_004,22,52.002618,-31.5828033522286,-135.37784416715692,0.4730000189691781,S085,0.6369,degraded,safe,degraded_tracking,2,36.31,nearest_center,0.2256742514502008,0.7,1.0,const2-trial1-tdoa2,mocap_ground_truth
WORKER_05,TAG_005,22,62.003225,-35.3471516257788,-123.9929885100193,0.012000053301453484,S085,0.7065,degraded,safe,full_tracking,4,29.35,nearest_center,0.1446052173938701,0.4,1.0,const2-trial3-tdoa2,mocap_ground_truth
WORKER_06,TAG_006,22,72.001893,-155.25542999233699,109.21302108464923,0.05800005711615075,S047,0.8207,good,safe,full_tracking,12,17.93,nearest_center,0.5659159625809884,1.0,1.0,const2-trial4-tdoa3,mocap_ground_truth
WORKER_07,TAG_007,22,82.00170399999999,-102.27910934003835,-97.18347452271551,0.1290000370889901,S054,0.7754,degraded,safe,full_tracking,5,22.46,nearest_center,0.16714120112846598,0.7,1.0,const2-trial6-tdoa2,mocap_ground_truth
WORKER_08,TAG_008,22,92.002384,2.6635908731842655,31.171637486461,-0.18399998627603065,S107,0.7987,degraded,safe,full_tracking,13,20.13,nearest_center,0.3587589377928029,0.9,1.0,const3-trial7-tdoa3-manual4,mocap_ground_truth
WORKER_09,TAG_009,22,102.002686,4.958924719159633,-136.84686133098393,0.37700006283819665,S095,0.6291,degraded,safe,degraded_tracking,2,37.09,nearest_center,0.20079955843612937,0.7,1.0,const4-trial1-tdoa2-traj2,mocap_ground_truth
WORKER_10,TAG_010,22,112.003837,122.02099601206378,-3.0747560548888204,0.4690000704675912,S136,0.7879,degraded,safe,full_tracking,5,21.21,nearest_center,0.21317199208292328,0.9,1.0,const4-trial3-tdoa2-traj2,mocap_ground_truth
WORKER_01,TAG_001,23,23.000131999999997,90.7126238011702,88.09593492591426,0.4740000656992196,S132,0.3,poor,tracking_lost,no_tracking,0,70.0,continuity_fallback,0.2,0.4,1.0,const4-trial3-tdoa2-traj1,mocap_ground_truth
WORKER_02,TAG_002,23,33.00140999999999,-118.62189518883991,-30.251518176582024,1.0020000628381966,S057,0.6121,degraded,safe,degraded_tracking,2,38.79,nearest_center,0.20226722210814405,0.7,1.0,const4-trial1-tdoa3-traj3,mocap_ground_truth
WORKER_03,TAG_003,23,43.00321399999999,97.96588099817912,90.8503393718377,0.16899999894201745,S120,0.3,poor,tracking_lost,no_tracking,0,70.0,continuity_fallback,0.2,0.4,1.0,const1-trial5-tdoa2,mocap_ground_truth
WORKER_04,TAG_004,23,53.002618,17.26191883994129,-132.25619637528533,0.47100004471838464,S104,0.7502,degraded,safe,full_tracking,3,24.98,nearest_center,0.24074311012841096,0.7,1.0,const2-trial1-tdoa2,mocap_ground_truth
WORKER_05,TAG_005,23,63.003225,-65.73738126865013,-156.3113004441614,0.08300003327429284,S072,0.3,poor,tracking_lost,no_tracking,0,70.0,nearest_center,0.16992722630706492,0.9,1.0,const2-trial3-tdoa2,mocap_ground_truth
WORKER_06,TAG_006,23,73.001893,-149.28756554992881,95.80826409099734,-0.025999934300780403,S047,0.8014,good,safe,full_tracking,8,19.86,nearest_center,0.3401188478105259,1.0,1.0,const2-trial4-tdoa3,mocap_ground_truth
WORKER_07,TAG_007,23,83.00170399999999,-68.95085221014342,-52.378544058565524,-0.04299995385110389,S086,0.758,degraded,safe,full_tracking,8,24.2,nearest_center,0.20506291816950295,0.75,1.0,const2-trial6-tdoa2,mocap_ground_truth
WORKER_08,TAG_008,23,93.002384,2.7554044459234532,-13.266041422984374,-0.30099997006356727,S106,0.5214,poor,safe,weak_tracking,1,47.86,nearest_center,0.2297593434124815,0.9,1.0,const3-trial7-tdoa3-manual4,mocap_ground_truth
WORKER_09,TAG_009,23,103.002686,62.34229139043491,-114.62802324438732,0.21800002373754968,S122,0.746,degraded,safe,full_tracking,10,25.4,nearest_center,0.3161003397847441,0.4,1.0,const4-trial1-tdoa2-traj2,mocap_ground_truth
WORKER_10,TAG_010,23,113.003837,109.80981409589522,56.69576145541619,0.6820000103861092,S138,0.3,poor,tracking_lost,no_tracking,0,70.0,nearest_center,0.14951708603623037,0.7,1.0,const4-trial3-tdoa2-traj2,mocap_ground_truth
WORKER_01,TAG_001,24,24.000131999999997,43.612360859170934,125.55580146094651,0.4740000656992196,S110,0.3,poor,tracking_lost,no_tracking,0,70.0,nearest_center,0.16804838130141658,0.75,1.0,const4-trial3-tdoa2-traj1,mocap_ground_truth
WORKER_02,TAG_002,24,34.00140999999999,-88.32347364620348,-78.63717387318206,1.0060000113397836,S073,0.7119,degraded,safe,full_tracking,4,28.81,nearest_center,0.2290023610045732,0.75,1.0,const4-trial1-tdoa3-traj3,mocap_ground_truth
WORKER_03,TAG_003,24,44.00321399999999,94.93603993841633,103.61239451568493,0.18700000561773766,S120,0.3,poor,tracking_lost,no_tracking,0,70.0,continuity_fallback,0.2,0.4,1.0,const1-trial5-tdoa2,mocap_ground_truth
WORKER_04,TAG_004,24,54.002618,61.79141269025193,-111.96543100307699,0.47499999321997155,S122,0.7974,degraded,safe,full_tracking,12,20.26,nearest_center,0.5842453920172573,0.7,1.0,const2-trial1-tdoa2,mocap_ground_truth
WORKER_05,TAG_005,24,64.003225,-94.65859785207269,-161.63647398177346,0.1860000780969857,S064,0.7119,degraded,safe,full_tracking,3,28.81,nearest_center,0.20900190047223224,0.7,1.0,const2-trial3-tdoa2,mocap_ground_truth
WORKER_06,TAG_006,24,74.001893,-135.6991841470507,79.28185383296955,-0.008999974355101692,S046,0.747,degraded,safe,full_tracking,3,25.3,nearest_center,0.25041925966683487,0.9,1.0,const2-trial4-tdoa3,mocap_ground_truth
WORKER_07,TAG_007,24,84.00170399999999,-25.982186360146812,1.9749803665251262,-0.13099995337426673,S097,0.7659,degraded,safe,full_tracking,5,23.41,nearest_center,0.2549312042918329,0.75,1.0,const2-trial6-tdoa2,mocap_ground_truth
WORKER_08,TAG_008,24,94.002384,0.735509950039571,-67.8031914437231,-0.3109999605268241,S096,0.7733,degraded,safe,full_tracking,4,22.67,nearest_center,0.2316832210171227,0.75,1.0,const3-trial7-tdoa3-manual4,mocap_ground_truth
WORKER_09,TAG_009,24,104.002686,104.2091984719395,-66.05873766605677,0.25700005806982507,S135,0.7369,degraded,safe,full_tracking,11,26.31,nearest_center,0.23859182002674084,0.4,1.0,const4-trial1-tdoa2-traj2,mocap_ground_truth
WORKER_10,TAG_010,24,114.003837,75.01253980217331,105.99954467065163,0.7310000351816415,S121,0.3,poor,tracking_lost,no_tracking,0,70.0,nearest_center,0.10320201477767386,0.75,1.0,const4-trial3-tdoa2-traj2,mocap_ground_truth
WORKER_01,TAG_001,25,25.000131999999997,-18.26986164147348,138.2260498726849,0.4730000189691781,S102,0.777,degraded,safe,full_tracking,18,22.3,nearest_center,0.47437422334331286,0.7,1.0,const4-trial3-tdoa2-traj1,mocap_ground_truth
WORKER_02,TAG_002,25,35.00140999999999,-53.709829234212094,-123.53392201444944,0.9460000685602425,S085,0.7911,degraded,safe,full_tracking,3,20.89,nearest_center,0.24447015211073983,0.7,1.0,const4-trial1-tdoa3-traj3,mocap_ground_truth
WORKER_03,TAG_003,25,45.00321399999999,73.63534031546374,102.78607920166262,0.27000006951391686,S121,0.3,poor,tracking_lost,no_tracking,0,70.0,nearest_center,0.13933655978781412,0.9,1.0,const1-trial5-tdoa2,mocap_ground_truth
WORKER_04,TAG_004,25,55.002618,97.0477480070394,-78.1781073776122,0.4740000656992196,S127,0.7897,degraded,safe,full_tracking,9,21.03,nearest_center,0.2345503239429229,0.9,1.0,const2-trial1-tdoa2,mocap_ground_truth
WORKER_05,TAG_005,25,65.003225,-117.97920428404383,-139.23401148595062,0.31300005234777917,S064,0.773,degraded,safe,full_tracking,5,22.7,nearest_center,0.31824747824014793,1.0,1.0,const2-trial3-tdoa2,mocap_ground_truth
WORKER_06,TAG_006,25,75.001893,-117.88738660692643,61.37824408823218,0.09699997223913659,S045,0.3,poor,tracking_lost,no_tracking,0,70.0,nearest_center,0.17398276090461479,0.9,1.0,const2-trial4-tdoa3,mocap_ground_truth
WORKER_07,TAG_007,25,85.00170399999999,15.70109220775334,57.24664015559916,-0.11999997578561317,S108,0.7461,degraded,safe,full_tracking,14,25.39,nearest_center,0.2633155549894988,0.4,1.0,const2-trial6-tdoa2,mocap_ground_truth
WORKER_08,TAG_008,25,95.002384,4.3162310781114,-118.02511312260255,-0.15799996338784705,S104,0.7258,degraded,safe,full_tracking,4,27.42,nearest_center,0.18333163692648313,0.4,1.0,const3-trial7-tdoa3-manual4,mocap_ground_truth
WORKER_09,TAG_009,25,105.002686,120.46016117111937,-4.1765168755699476,0.46300002850592126,S136,0.7821,degraded,safe,full_tracking,6,21.79,nearest_center,0.22233050188808995,0.9,1.0,const4-trial1-tdoa2-traj2,mocap_ground_truth
WORKER_10,TAG_010,25,115.003837,18.547306122037757,136.20614853617067,0.5880000285059213,S110,0.7445,degraded,safe,full_tracking,7,25.55,nearest_center,0.21382142445442423,0.7,1.0,const4-trial3-tdoa2-traj2,mocap_ground_truth
WORKER_01,TAG_001,26,26.000131999999997,-79.60120475787187,123.71953547866707,0.4719999722391366,S082,0.7732,degraded,safe,full_tracking,10,22.68,nearest_center,0.23856987287590392,0.7,1.0,const4-trial3-tdoa2-traj1,mocap_ground_truth
WORKER_02,TAG_002,26,36.00140999999999,-10.741164068278518,-137.76499432212364,0.8310000590234994,S095,0.6461,degraded,safe,degraded_tracking,2,35.39,nearest_center,0.28437082747475456,0.9,1.0,const4-trial1-tdoa3-traj3,mocap_ground_truth
WORKER_03,TAG_003,26,46.00321399999999,36.90998236234498,88.83044350782775,0.3840000323206185,S121,0.7975,degraded,safe,full_tracking,6,20.25,nearest_center,0.32437016543823005,1.0,1.0,const1-trial5-tdoa2,mocap_ground_truth
WORKER_04,TAG_004,26,56.002618,117.43032011135658,-34.10768002287141,0.47499999321997155,S136,0.7082,degraded,safe,full_tracking,9,29.18,nearest_center,0.15170600168510162,0.4,1.0,const2-trial1-tdoa2,mocap_ground_truth
WORKER_05,TAG_005,26,66.003225,-137.07638363376026,-96.81622570426306,0.44899997033178796,S060,0.7681,degraded,safe,full_tracking,9,23.19,nearest_center,0.20964239190628692,0.7,1.0,const2-trial3-tdoa2,mocap_ground_truth
WORKER_06,TAG_006,26,76.001893,-93.09777395613689,41.3629235386196,0.28099998749792565,S078,0.607,degraded,safe,degraded_tracking,2,39.3,nearest_center,0.2041797655631144,0.75,1.0,const2-trial4-tdoa3,mocap_ground_truth
WORKER_07,TAG_007,26,86.00170399999999,53.80364691132952,102.51063711531899,-0.018000037297606575,S121,0.3,poor,tracking_lost,no_tracking,0,70.0,nearest_center,0.17968062575121613,0.7,1.0,const2-trial6-tdoa2,mocap_ground_truth
WORKER_08,TAG_008,26,96.002384,1.010949300131056,-154.65865887110817,0.23300000943243493,S104,0.3,poor,tracking_lost,no_tracking,0,70.0,nearest_center,0.198578213845811,1.0,1.0,const3-trial7-tdoa3-manual4,mocap_ground_truth
WORKER_09,TAG_009,26,106.002686,111.2788312597222,57.6138944465559,0.6759999684244393,S138,0.3,poor,tracking_lost,no_tracking,0,70.0,nearest_center,0.1449650187305391,0.7,1.0,const4-trial1-tdoa2-traj2,mocap_ground_truth
WORKER_10,TAG_010,26,116.003837,-46.91563853277304,136.75703270885793,0.3490000656992196,S092,0.7579,degraded,safe,full_tracking,13,24.21,nearest_center,0.2155830133253243,0.7,1.0,const4-trial3-tdoa2-traj2,mocap_ground_truth
WORKER_01,TAG_001,27,27.000131999999997,-130.1903752552038,83.41345229309827,0.4740000656992196,S045,0.5055,poor,safe,weak_tracking,1,49.45,nearest_center,0.20112953767219965,0.75,1.0,const4-trial3-tdoa2-traj1,mocap_ground_truth
WORKER_02,TAG_002,27,37.00140999999999,30.7584880382063,-124.26843059636293,0.6739999941736459,S104,0.7895,degraded,safe,full_tracking,6,21.05,nearest_center,0.30286429356800043,0.9,1.0,const4-trial1-tdoa3-traj3,mocap_ground_truth
WORKER_03,TAG_003,27,47.00321399999999,-8.35401596550093,67.80518049871449,0.5010000161081551,S109,0.8077,good,safe,full_tracking,8,19.23,nearest_center,0.26562461203659016,0.9,1.0,const1-trial5-tdoa2,mocap_ground_truth
WORKER_04,TAG_004,27,57.002618,122.11280274417258,16.297868801486423,0.4719999722391366,S137,0.7947,degraded,safe,full_tracking,3,20.53,nearest_center,0.22976336366053612,0.9,1.0,const2-trial1-tdoa2,mocap_ground_truth
WORKER_05,TAG_005,27,67.003225,-148.92030578646776,-46.41067414365307,0.5900000027567147,S057,0.7722,degraded,safe,full_tracking,8,22.78,nearest_center,0.25796717645413714,0.4,1.0,const2-trial3-tdoa2,mocap_ground_truth
WORKER_06,TAG_006,27,77.001893,-65.00287815924094,19.327709861249204,0.47999998845159997,S077,0.8117,good,safe,full_tracking,9,18.83,nearest_center,0.5069033691649907,0.9,1.0,const2-trial4-tdoa3,mocap_ground_truth
WORKER_07,TAG_007,27,87.00170399999999,87.40735160007237,131.43185917124586,0.14599999703466882,S121,0.3,poor,tracking_lost,no_tracking,0,70.0,continuity_fallback,0.2,0.4,1.0,const2-trial6-tdoa2,mocap_ground_truth
WORKER_08,TAG_008,27,97.002384,10.467728138502231,-131.9807542889417,0.4050000599771737,S104,0.7712,degraded,safe,full_tracking,4,22.88,nearest_center,0.3483330808510076,1.0,1.0,const3-trial7-tdoa3-manual4,mocap_ground_truth
WORKER_09,TAG_009,27,107.002686,74.36984342487293,106.55042884333889,0.7330000094324349,S121,0.3,poor,tracking_lost,no_tracking,0,70.0,nearest_center,0.10444976483635662,0.75,1.0,const4-trial1-tdoa2-traj2,mocap_ground_truth
WORKER_10,TAG_010,27,117.003837,-104.11538079482209,110.22296080789776,0.21400007523596276,S081,0.7955,degraded,safe,full_tracking,6,20.45,nearest_center,0.1970854561335466,0.9,1.0,const4-trial3-tdoa2-traj2,mocap_ground_truth
WORKER_01,TAG_001,28,28.000131999999997,-156.54082274693775,25.754646271731517,0.4730000189691781,S028,0.7559,degraded,safe,full_tracking,7,24.41,nearest_center,0.1876019541174679,0.7,1.0,const4-trial3-tdoa2-traj1,mocap_ground_truth
WORKER_02,TAG_002,28,38.00140999999999,66.01482882749806,-82.49333571947145,0.4949999741464852,S123,0.7355,degraded,safe,full_tracking,13,26.45,nearest_center,0.2971268060384115,0.4,1.0,const4-trial1-tdoa3-traj3,mocap_ground_truth
WORKER_03,TAG_003,28,48.00321399999999,-55.08702872092168,40.6284149567061,0.5949999979883431,S078,0.7369,degraded,safe,full_tracking,12,26.31,nearest_center,0.24305356494589875,0.4,1.0,const1-trial5-tdoa2,mocap_ground_truth
WORKER_04,TAG_004,28,58.002618,109.16712319109914,62.48000148859812,0.46999999798834313,S138,0.3,poor,tracking_lost,no_tracking,0,70.0,nearest_center,0.15999165791360634,0.9,1.0,const2-trial1-tdoa2,mocap_ground_truth
WORKER_05,TAG_005,28,68.003225,-154.97999885100194,-5.002836978033515,0.7219999722391366,S042,0.7952,degraded,safe,full_tracking,7,20.48,bounds_contains,0.6649999999999999,0.7,1.0,const2-trial3-tdoa2,mocap_ground_truth
WORKER_06,TAG_006,28,78.001893,-34.70445798473057,-2.3402488411014017,0.6459999970346688,S088,0.7676,degraded,safe,full_tracking,7,23.24,nearest_center,0.31215107993328567,0.9,1.0,const2-trial4-tdoa3,mocap_ground_truth
WORKER_07,TAG_007,28,88.00170399999999,110.63612940991753,140.06231585496437,0.3350000075250863,S121,0.3,poor,tracking_lost,no_tracking,0,70.0,continuity_fallback,0.2,0.4,1.0,const2-trial6-tdoa2,mocap_ground_truth
WORKER_08,TAG_008,28,98.002384,4.775298941807332,-91.5828588987598,0.30300006188452233,S104,0.6918,degraded,safe,degraded_tracking,2,30.82,nearest_center,0.3363392270725639,1.0,1.0,const3-trial7-tdoa3-manual4,mocap_ground_truth
WORKER_09,TAG_009,28,108.002686,17.170106635328178,134.9207667265785,0.5869999817758798,S110,0.7441,degraded,safe,full_tracking,8,25.59,nearest_center,0.22153042925239594,0.7,1.0,const4-trial1-tdoa2-traj2,mocap_ground_truth
WORKER_10,TAG_010,28,118.003837,-143.77875665808193,58.99109393326548,0.27700003899633874,S045,0.6668,degraded,safe,degraded_tracking,2,33.32,nearest_center,0.2503092245975741,0.75,1.0,const4-trial3-tdoa2-traj2,mocap_ground_truth
WORKER_01,TAG_001,29,29.000131999999997,-152.409224286809,-36.586642382451224,0.47100004471838464,S041,0.7595,degraded,safe,full_tracking,10,24.05,bounds_contains,0.38,0.4,1.0,const4-trial3-tdoa2-traj1,mocap_ground_truth
WORKER_02,TAG_002,29,39.00140999999999,94.29334903362025,-35.57669445044625,0.31600007332861413,S130,0.7293,degraded,safe,full_tracking,14,27.07,nearest_center,0.24030535071082976,0.4,1.0,const4-trial1-tdoa3-traj3,mocap_ground_truth
WORKER_03,TAG_003,29,49.00321399999999,-95.76036072494293,17.399628938104513,0.6310000113397836,S077,0.3,poor,tracking_lost,no_tracking,0,70.0,nearest_center,0.22979678294715716,0.9,1.0,const1-trial5-tdoa2,mocap_ground_truth
WORKER_04,TAG_004,29,59.002618,81.71491829899925,101.95976388764032,0.4730000189691781,S121,0.3,poor,tracking_lost,no_tracking,0,70.0,nearest_center,0.1,0.75,1.0,const2-trial1-tdoa2,mocap_ground_truth
WORKER_05,TAG_005,29,69.003225,-153.32735727794872,15.104295092129146,0.8330000332742928,S042,0.7799,degraded,safe,full_tracking,8,22.01,nearest_center,0.2945059286924412,1.0,1.0,const2-trial3-tdoa2,mocap_ground_truth
WORKER_06,TAG_006,29,79.001893,-2.661585400679959,-25.201781252809283,0.7330000094324349,S097,0.3,poor,tracking_lost,no_tracking,0,70.0,nearest_center,0.1747403150217949,0.9,1.0,const2-trial4-tdoa3,mocap_ground_truth
WORKER_07,TAG_007,29,89.00170399999999,123.1227534124297,125.55580146094651,0.49999996937811364,S121,0.3,poor,tracking_lost,no_tracking,0,70.0,continuity_fallback,0.2,0.4,1.0,const2-trial6-tdoa2,mocap_ground_truth
WORKER_08,TAG_008,29,99.002384,-9.731216820336579,-60.54993424671416,0.09300002373754968,S096,0.7244,degraded,safe,full_tracking,6,27.56,nearest_center,0.27810865519832006,0.4,1.0,const3-trial7-tdoa3-manual4,mocap_ground_truth
WORKER_09,TAG_009,29,109.002686,-43.97760967762336,137.39972361365403,0.3569999627023934,S092,0.7588,degraded,safe,full_tracking,13,24.12,nearest_center,0.21739369921507654,0.7,1.0,const4-trial1-tdoa2-traj2,mocap_ground_truth
WORKER_10,TAG_010,29,119.003837,-156.9998892425076,-0.5957943793720437,0.49299999989569177,S042,0.741,degraded,safe,full_tracking,7,25.9,bounds_contains,0.38,0.4,1.0,const4-trial3-tdoa2-traj2,mocap_ground_truth
WORKER_01,TAG_001,30,30.000131999999997,-124.31432848991304,-91.30741681241616,0.476999967470765,S061,0.7366,degraded,safe,full_tracking,7,26.34,nearest_center,0.21677281026678044,0.4,1.0,const4-trial3-tdoa2-traj1,mocap_ground_truth
WORKER_02,TAG_002,30,40.00140999999999,111.55426240105724,-0.7794211828188984,0.1540000132471322,S131,0.7959,degraded,safe,full_tracking,9,20.41,nearest_center,0.2746481890321161,0.9,1.0,const4-trial1-tdoa3-traj3,mocap_ground_truth
WORKER_03,TAG_003,30,50.00321399999999,-122.66168691685984,1.6995401934202994,0.6069999627023934,S042,0.3,poor,tracking_lost,no_tracking,0,70.0,nearest_center,0.161580320597957,0.75,1.0,const1-trial5-tdoa2,mocap_ground_truth
WORKER_04,TAG_004,30,60.002618,40.85796188575178,128.49382484359188,0.47499999321997155,S110,0.3,poor,tracking_lost,no_tracking,0,70.0,nearest_center,0.16324455238772143,0.7,1.0,const2-trial1-tdoa2,mocap_ground_truth
WORKER_05,TAG_005,30,70.003225,-143.22788343040324,9.595491672786547,0.9239999941736459,S042,0.7634,degraded,safe,full_tracking,4,23.66,nearest_center,0.2949502007131272,1.0,1.0,const2-trial3-tdoa2,mocap_ground_truth
WORKER_06,TAG_006,30,80.001893,29.014031524287827,-45.767983238856985,0.7160000494867562,S105,0.8024,good,safe,full_tracking,5,19.76,nearest_center,0.23551123123924933,0.75,1.0,const2-trial4-tdoa3,mocap_ground_truth
WORKER_07,TAG_007,30,90.00170399999999,120.64379652535418,90.29946067165474,0.5940000704675912,S121,0.3,poor,tracking_lost,no_tracking,0,70.0,continuity_fallback,0.2,0.4,1.0,const2-trial6-tdoa2,mocap_ground_truth
WORKER_08,TAG_008,30,100.002384,-17.535354598701822,-27.588931407775988,-0.25700000010430823,S096,0.6511,degraded,safe,degraded_tracking,2,34.89,nearest_center,0.23662234602248217,1.0,1.0,const3-trial7-tdoa3-manual4,mocap_ground_truth
WORKER_09,TAG_009,30,110.002686,-102.7381758356082,111.78379564884216,0.21400007523596276,S081,0.8018,good,safe,full_tracking,6,19.82,nearest_center,0.2051074450506442,0.9,1.0,const4-trial1-tdoa2-traj2,mocap_ground_truth
WORKER_10,TAG_010,30,120.003837,-141.66704858945886,-60.27449763287483,0.6930000475794076,S056,0.7326,degraded,safe,full_tracking,11,26.74,nearest_center,0.2726439043774657,0.4,1.0,const4-trial3-tdoa2-traj2,mocap_ground_truth
WORKER_01,TAG_001,31,31.000131999999997,-70.97074807415339,-127.57370279746077,0.47600003995001305,S065,0.7711,degraded,safe,full_tracking,7,22.89,nearest_center,0.23727340435979086,0.7,1.0,const4-trial3-tdoa2-traj1,mocap_ground_truth
WORKER_02,TAG_002,31,41.00140999999999,121.65373624860273,4.178501655167377,0.027000038996338738,S137,0.7931,degraded,safe,full_tracking,5,20.69,nearest_center,0.2884666589321766,0.9,1.0,const4-trial1-tdoa3-traj3,mocap_ground_truth
WORKER_03,TAG_003,31,51.00321399999999,-133.4038516692014,-2.523875644548257,0.5340000084787606,S042,0.6447,degraded,safe,degraded_tracking,2,35.53,nearest_center,0.28744777551917416,1.0,1.0,const1-trial5-tdoa2,mocap_ground_truth
WORKER_04,TAG_004,31,61.002618,-6.334121469617049,139.87869144573813,0.47100004471838464,S102,0.7882,degraded,safe,full_tracking,14,21.18,nearest_center,0.4198458833114412,0.7,1.0,const2-trial1-tdoa2,mocap_ground_truth
WORKER_05,TAG_005,31,71.003225,-127.89504277735449,-23.457327475142968,0.9869999579340218,S042,0.6719,degraded,safe,degraded_tracking,2,32.81,nearest_center,0.2530892587306868,1.0,1.0,const2-trial3-tdoa2,mocap_ground_truth
WORKER_06,TAG_006,31,81.001893,57.384366671275274,-64.68153817934719,0.5999999932199716,S115,0.7711,degraded,safe,full_tracking,10,22.89,nearest_center,0.28499245422352626,0.9,1.0,const2-trial4-tdoa3,mocap_ground_truth
WORKER_07,TAG_007,31,91.00170399999999,107.05541512247606,41.73017782957634,0.604000060930848,S138,0.6407,degraded,safe,degraded_tracking,2,35.93,nearest_center,0.2303646793073323,0.75,1.0,const2-trial6-tdoa2,mocap_ground_truth
WORKER_08,TAG_008,31,101.002384,7.621512856091744,8.49373085210542,-0.5099999614804984,S097,0.7491,degraded,safe,full_tracking,10,25.09,nearest_center,0.24863231971746158,0.75,1.0,const3-trial7-tdoa3-manual4,mocap_ground_truth
WORKER_09,TAG_009,31,111.002686,-141.66704858945886,59.633784838061565,0.2740000180155038,S045,0.6581,degraded,safe,degraded_tracking,2,34.19,nearest_center,0.24413006926810546,0.75,1.0,const4-trial1-tdoa2-traj2,mocap_ground_truth
WORKER_10,TAG_010,31,121.003837,-102.7381758356082,-109.39465643888406,0.7240000656992196,S060,0.7649,degraded,safe,full_tracking,9,23.51,bounds_contains,0.38,0.4,1.0,const4-trial3-tdoa2-traj2,mocap_ground_truth
WORKER_01,TAG_001,32,32.000132,-7.98676235860722,-137.12230341732754,0.4719999722391366,S085,0.621,degraded,safe,degraded_tracking,2,37.9,nearest_center,0.16208572280809955,0.7,1.0,const4-trial3-tdoa2-traj1,mocap_ground_truth
WORKER_02,TAG_002,32,42.00140999999999,117.15488897002156,-19.233911337896828,-0.04800000868737708,S137,0.8242,good,safe,full_tracking,6,17.58,nearest_center,0.40330830637294457,1.0,1.0,const4-trial1-tdoa3-traj3,mocap_ground_truth
WORKER_03,TAG_003,32,52.00321399999999,-124.86520171759172,5.280262304832744,0.4130000761896371,S042,0.3,poor,tracking_lost,no_tracking,0,70.0,nearest_center,0.21935883946440043,1.0,1.0,const1-trial5-tdoa2,mocap_ground_truth
WORKER_04,TAG_004,32,62.002618,-55.08702872092168,135.0125734586873,0.4730000189691781,S082,0.7692,degraded,safe,full_tracking,14,23.08,nearest_center,0.3533171182672646,0.7,1.0,const2-trial1-tdoa2,mocap_ground_truth
WORKER_05,TAG_005,32,72.003225,-106.13527118632774,-76.34183592282847,1.0069999388605355,S060,0.6146,degraded,safe,degraded_tracking,2,38.54,nearest_center,0.19383587827278853,0.75,1.0,const2-trial3-tdoa2,mocap_ground_truth
WORKER_06,TAG_006,32,82.001893,81.89854270822548,-83.31965650599805,0.41400000371038903,S128,0.7396,degraded,safe,full_tracking,12,26.04,nearest_center,0.2402940274713065,0.4,1.0,const2-trial4-tdoa3,mocap_ground_truth
WORKER_07,TAG_007,32,92.00170399999999,83.00030010859142,-14.826869423298396,0.507999985590577,S131,0.7765,degraded,safe,full_tracking,17,22.35,nearest_center,0.4657086536584396,0.7,1.0,const2-trial6-tdoa2,mocap_ground_truth
WORKER_08,TAG_008,32,102.002384,40.215265508451395,36.864068051281976,-0.40500000201165687,S106,0.7696,degraded,safe,full_tracking,10,23.04,nearest_center,0.25844026053205293,0.9,1.0,const3-trial7-tdoa3-manual4,mocap_ground_truth
WORKER_09,TAG_009,32,112.002686,-157.091706919625,1.6995401934202994,0.48800000466406335,S044,0.778,degraded,safe,full_tracking,7,22.2,nearest_center,0.24310859999791387,0.9,1.0,const4-trial1-tdoa2-traj2,mocap_ground_truth
WORKER_10,TAG_010,32,122.003837,-45.26299695971983,-137.48955223578,0.5639999798685311,S072,0.7118,degraded,safe,full_tracking,3,28.82,nearest_center,0.19281404918422676,0.7,1.0,const4-trial3-tdoa2-traj2,mocap_ground_truth
WORKER_01,TAG_001,33,33.000132,53.52820482498589,-121.51402067793519,0.4730000189691781,S104,0.7796,degraded,safe,full_tracking,6,22.04,nearest_center,0.14778163424607899,0.7,1.0,const4-trial3-tdoa2-traj1,mocap_ground_truth
WORKER_02,TAG_002,33,43.00140999999999,99.25127375277988,-62.29438802438049,-0.059999973401427376,S135,0.7705,degraded,safe,full_tracking,12,22.95,nearest_center,0.2893151022361452,0.7,1.0,const4-trial1-tdoa3-traj3,mocap_ground_truth
WORKER_03,TAG_003,33,53.00321399999999,-99.70833477584543,26.305527708166636,0.28900000371038903,S078,0.3,poor,tracking_lost,no_tracking,0,70.0,nearest_center,0.1670796992527752,0.75,1.0,const1-trial5-tdoa2,mocap_ground_truth
WORKER_04,TAG_004,33,63.002618,-99.70833477584543,112.42648655363824,0.47499999321997155,S067,0.7981,degraded,safe,full_tracking,9,20.19,nearest_center,0.2651255352830967,0.9,1.0,const2-trial1-tdoa2,mocap_ground_truth
WORKER_05,TAG_005,33,73.003225,-79.0503260576889,-132.71526287085518,0.9860000304132699,S065,0.807,good,safe,full_tracking,7,19.3,nearest_center,0.309369847881401,0.9,1.0,const2-trial3-tdoa2,mocap_ground_truth
WORKER_06,TAG_006,33,83.001893,102.46473922176888,-99.66244235479962,0.20100006379187096,S134,0.819,good,safe,full_tracking,8,18.1,nearest_center,0.3015805443203794,0.9,1.0,const2-trial4-tdoa3,mocap_ground_truth
WORKER_07,TAG_007,33,93.00170399999999,52.51825962923306,-67.9868213254536,0.34600004471838464,S124,0.7183,degraded,safe,full_tracking,6,28.17,nearest_center,0.17946113717943624,0.7,1.0,const2-trial6-tdoa2,mocap_ground_truth
WORKER_08,TAG_008,33,103.002384,72.99264393816335,43.10737731628592,0.032000034227967156,S118,0.3,poor,tracking_lost,no_tracking,0,70.0,nearest_center,0.17749767392810653,0.9,1.0,const3-trial7-tdoa3-manual4,mocap_ground_truth
WORKER_09,TAG_009,33,113.002686,-143.04425902117703,-59.99905554653119,0.6910000733286141,S056,0.7385,degraded,safe,full_tracking,11,26.15,nearest_center,0.28764658513972,0.4,1.0,const4-trial1-tdoa2-traj2,mocap_ground_truth
WORKER_10,TAG_010,33,123.003837,16.986479489849803,-133.6333958619949,0.33199998654425134,S095,0.7364,degraded,safe,full_tracking,3,26.36,nearest_center,0.17324639508855588,0.7,1.0,const4-trial3-tdoa2-traj2,mocap_ground_truth
WORKER_01,TAG_001,34,34.000132,100.44484883026323,-75.33189072707565,0.47100004471838464,S136,0.8022,good,safe,full_tracking,6,19.78,nearest_center,0.17579848128922462,0.75,1.0,const4-trial3-tdoa2-traj1,mocap_ground_truth
WORKER_02,TAG_002,34,44.00140999999999,74.9207275975602,-103.05953223301485,-0.015999943837523567,S128,0.7712,degraded,safe,full_tracking,11,22.88,nearest_center,0.2429879242123674,0.7,1.0,const4-trial1-tdoa3-traj3,mocap_ground_truth
WORKER_03,TAG_003,34,54.00321399999999,-61.88121942236073,54.308611300449485,0.18099996365606774,S079,0.8099,good,safe,full_tracking,10,19.01,nearest_center,0.47714415182260106,0.9,1.0,const1-trial5-tdoa2,mocap_ground_truth
WORKER_04,TAG_004,34,64.002618,-132.5775254101705,77.17014576434647,0.4740000656992196,S045,0.7127,degraded,safe,full_tracking,3,28.73,nearest_center,0.2189421409044691,0.75,1.0,const2-trial1-tdoa2,mocap_ground_truth
WORKER_05,TAG_005,34,74.003225,-49.394600892352855,-179.4482715218977,0.9350000313669442,S065,0.3,poor,tracking_lost,no_tracking,0,70.0,continuity_fallback,0.2,0.4,1.0,const2-trial3-tdoa2,mocap_ground_truth
WORKER_06,TAG_006,34,84.001893,115.3186120427335,-113.89351466247382,0.016000001803040398,S133,0.8257,good,safe,full_tracking,7,17.43,nearest_center,0.6398642451850025,0.9,1.0,const2-trial4-tdoa3,mocap_ground_truth
WORKER_07,TAG_007,34,94.00170399999999,13.497569198265015,-110.77185592559363,0.13700005330145348,S104,0.7535,degraded,safe,full_tracking,5,24.65,nearest_center,0.3206959679806174,0.4,1.0,const2-trial6-tdoa2,mocap_ground_truth
WORKER_08,TAG_008,34,104.002384,89.42724199157803,31.171637486461,0.3970000437647103,S132,0.7639,degraded,safe,full_tracking,4,23.61,nearest_center,0.23860457995407255,0.7,1.0,const3-trial7-tdoa3-manual4,mocap_ground_truth
WORKER_09,TAG_009,34,114.002686,-102.82998804022132,-108.10927462929189,0.7280000142008065,S060,0.7623,degraded,safe,full_tracking,9,23.77,bounds_contains,0.38,0.4,1.0,const4-trial1-tdoa2-traj2,mocap_ground_truth
WORKER_10,TAG_010,34,124.003837,74.82890992044278,-104.9876158924117,0.20699998654425134,S134,0.756,degraded,safe,full_tracking,8,24.4,nearest_center,0.18701169054127834,0.75,1.0,const4-trial3-tdoa2-traj2,mocap_ground_truth
WORKER_01,TAG_001,35,35.000132,120.82742093458042,-18.866658415066155,0.47100004471838464,S136,0.8006,good,safe,full_tracking,6,19.94,nearest_center,0.32480007429406366,1.0,1.0,const4-trial3-tdoa2-traj1,mocap_ground_truth
WORKER_02,TAG_002,35,45.00140999999999,40.39888991767762,-121.33039626870897,0.0860000542551278,S122,0.7741,degraded,safe,full_tracking,7,22.59,nearest_center,0.226825874690255,0.7,1.0,const4-trial1-tdoa3-traj3,mocap_ground_truth
WORKER_03,TAG_003,35,55.00321399999999,-14.872766312130919,81.02630761063587,0.12600001610815514,S090,0.7859,degraded,safe,full_tracking,10,21.41,nearest_center,0.26177516145781804,0.9,1.0,const1-trial5-tdoa2,mocap_ground_truth
WORKER_04,TAG_004,35,65.002618,-152.1337822004654,32.916091264127324,0.4719999722391366,S044,0.7805,degraded,safe,full_tracking,5,21.95,nearest_center,0.3023415923639425,0.9,1.0,const2-trial1-tdoa2,mocap_ground_truth
WORKER_05,TAG_005,35,75.003225,-18.545301675628004,-203.68699999999998,0.8590000561624764,S065,0.3,poor,tracking_lost,no_tracking,0,70.0,continuity_fallback,0.2,0.4,1.0,const2-trial3-tdoa2,mocap_ground_truth
WORKER_06,TAG_006,35,85.001893,122.11280274417258,-125.46200567384629,-0.09499999962747108,S127,0.7993,degraded,safe,full_tracking,3,20.07,nearest_center,0.2151297055332163,0.9,1.0,const2-trial4-tdoa3,mocap_ground_truth
WORKER_07,TAG_007,35,95.00170399999999,-28.73658806981811,-132.53162751662038,-0.06200000725686561,S095,0.6784,degraded,safe,degraded_tracking,2,32.16,nearest_center,0.2811895716675859,0.9,1.0,const2-trial6-tdoa2,mocap_ground_truth
WORKER_08,TAG_008,35,105.002384,113.57416373757148,-8.399932328753044,0.4389999798685311,S137,0.7707,degraded,safe,full_tracking,10,22.93,nearest_center,0.34320457973718416,0.7,1.0,const3-trial7-tdoa3-manual4,mocap_ground_truth
WORKER_09,TAG_009,35,115.002686,-46.08931774624644,-135.56146857638316,0.5689999751001595,S072,0.7234,degraded,safe,full_tracking,3,27.66,nearest_center,0.20182394978994506,0.7,1.0,const4-trial1-tdoa2-traj2,mocap_ground_truth
WORKER_10,TAG_010,35,125.003837,110.26888059146508,-53.38848925431836,0.2880000761896371,S135,0.8049,good,safe,full_tracking,9,19.51,nearest_center,0.4466718522716255,0.9,1.0,const4-trial3-tdoa2-traj2,mocap_ground_truth
WORKER_01,TAG_001,36,36.000132,115.3186120427335,43.3828166663774,0.47100004471838464,S138,0.614,degraded,safe,degraded_tracking,2,38.6,nearest_center,0.20235372328085788,0.7,1.0,const4-trial3-tdoa2-traj1,mocap_ground_truth
WORKER_02,TAG_002,36,46.00140999999999,1.1945764456094317,-108.01745695217448,0.2370000771433114,S104,0.782,degraded,safe,full_tracking,3,21.8,nearest_center,0.26183630803352365,0.7,1.0,const4-trial1-tdoa3-traj3,mocap_ground_truth
WORKER_03,TAG_003,36,56.00321399999999,32.31931193414209,104.53053845183324,0.13400003232061852,S108,0.7232,degraded,safe,full_tracking,6,27.68,nearest_center,0.1288332346887096,0.7,1.0,const1-trial5-tdoa2,mocap_ground_truth
WORKER_04,TAG_004,36,66.002618,-154.79636349676713,-16.84676391918228,0.46999999798834313,S042,0.7973,degraded,safe,full_tracking,9,20.27,bounds_contains,0.6649999999999999,0.7,1.0,const2-trial1-tdoa2,mocap_ground_truth
WORKER_05,TAG_005,36,76.003225,12.854875557216783,-198.54545087161412,0.7420000723749398,S065,0.3,poor,tracking_lost,no_tracking,0,70.0,continuity_fallback,0.2,0.4,1.0,const2-trial3-tdoa2,mocap_ground_truth
WORKER_06,TAG_006,36,86.001893,121.83737160283754,-132.25619637528533,-0.0999999948590995,S133,0.7777,degraded,safe,full_tracking,3,22.23,nearest_center,0.2944493174689407,0.9,1.0,const2-trial4-tdoa3,mocap_ground_truth
WORKER_07,TAG_007,36,96.00170399999999,-69.77717299667003,-134.64333558524345,-0.20199999295175086,S072,0.7462,degraded,safe,full_tracking,7,25.38,nearest_center,0.22219340811004376,0.7,1.0,const2-trial6-tdoa2,mocap_ground_truth
WORKER_08,TAG_008,36,106.002384,118.25664637038749,-55.59201500005883,0.4120000294595956,S136,0.7796,degraded,safe,full_tracking,7,22.04,nearest_center,0.30305263257922127,0.9,1.0,const3-trial7-tdoa3-manual4,mocap_ground_truth
WORKER_09,TAG_009,36,116.002686,15.792904412366454,-135.1024020808133,0.3350000075250863,S095,0.727,degraded,safe,full_tracking,3,27.3,nearest_center,0.17353349820856614,0.7,1.0,const4-trial1-tdoa2-traj2,mocap_ground_truth
WORKER_10,TAG_010,36,126.003837,121.28648743015027,8.585544424844606,0.5099999598413705,S137,0.75,degraded,safe,full_tracking,6,25.0,nearest_center,0.2098493913689421,0.7,1.0,const4-trial3-tdoa2-traj2,mocap_ground_truth
WORKER_01,TAG_001,37,37.000132,82.63305129013898,97.18546357770691,0.46999999798834313,S121,0.3,poor,tracking_lost,no_tracking,0,70.0,nearest_center,0.1,0.75,1.0,const4-trial3-tdoa2-traj1,mocap_ground_truth
WORKER_02,TAG_002,37,47.00140999999999,-40.12144783133398,-68.26225793929295,0.4100000552088021,S086,0.7891,degraded,safe,full_tracking,9,21.09,nearest_center,0.334376069435136,0.75,1.0,const4-trial1-tdoa3-traj3,mocap_ground_truth
WORKER_03,TAG_003,37,57.00321399999999,69.96280287840057,116.8335271001106,0.20100006379187096,S121,0.3,poor,tracking_lost,no_tracking,0,70.0,nearest_center,0.1,0.7,1.0,const1-trial5-tdoa2,mocap_ground_truth
WORKER_04,TAG_004,37,67.002618,-139.8307826071794,-62.93708440168087,0.47499999321997155,S056,0.7301,degraded,safe,full_tracking,10,26.99,nearest_center,0.24873571282060578,0.4,1.0,const2-trial1-tdoa2,mocap_ground_truth
WORKER_05,TAG_005,37,77.003225,43.42873644994471,-166.77802311015932,0.6140000513941049,S122,0.3,poor,tracking_lost,no_tracking,0,70.0,nearest_center,0.1,0.75,1.0,const2-trial3-tdoa2,mocap_ground_truth
WORKER_06,TAG_006,37,87.001893,116.05312062464701,-135.65328625350057,-0.015000016316771614,S133,0.7737,degraded,safe,full_tracking,3,22.63,nearest_center,0.3168076879992816,1.0,1.0,const2-trial4-tdoa3,mocap_ground_truth
WORKER_07,TAG_007,37,97.00170399999999,-106.5943376818976,-114.26076348092627,-0.25599995337426673,S060,0.8289,good,safe,full_tracking,9,17.11,bounds_contains,0.6649999999999999,0.7,1.0,const2-trial6-tdoa2,mocap_ground_truth
WORKER_08,TAG_008,37,107.002384,96.9559412749306,-97.917983104629,0.41099998272955407,S135,0.8038,good,safe,full_tracking,7,19.62,nearest_center,0.21386811017862253,0.9,1.0,const3-trial7-tdoa3-manual4,mocap_ground_truth
WORKER_09,TAG_009,37,117.002686,72.34995303336727,-106.64025746546491,0.20800003327429284,S113,0.7749,degraded,safe,full_tracking,8,22.51,nearest_center,0.17730851891270988,0.7,1.0,const4-trial1-tdoa2-traj2,mocap_ground_truth
WORKER_10,TAG_010,37,127.003837,106.32090654056258,69.09056778081096,0.7030000380426644,S138,0.3,poor,tracking_lost,no_tracking,0,70.0,nearest_center,0.12332020657705946,0.9,1.0,const4-trial3-tdoa2-traj2,mocap_ground_truth
WORKER_01,TAG_001,38,38.000132,31.584808824732907,130.69735058933236,0.4730000189691781,S110,0.7079,degraded,safe,full_tracking,4,29.21,nearest_center,0.19360077969598086,0.7,1.0,const4-trial3-tdoa2-traj1,mocap_ground_truth
WORKER_02,TAG_002,38,48.00140999999999,-76.75498810733532,-16.204070278134047,0.5960000447183846,S075,0.7375,degraded,safe,full_tracking,5,26.25,nearest_center,0.2183203838248876,0.7,1.0,const4-trial1-tdoa3-traj3,mocap_ground_truth
WORKER_03,TAG_003,38,58.00321399999999,93.83428253805039,115.54813434550984,0.30599996365606774,S121,0.3,poor,tracking_lost,no_tracking,0,70.0,continuity_fallback,0.2,0.4,1.0,const1-trial5-tdoa2,mocap_ground_truth
WORKER_04,TAG_004,38,68.002618,-109.62417874166037,-100.94782416439179,0.4780000142008065,S060,0.7441,degraded,safe,full_tracking,9,25.59,bounds_contains,0.38,0.4,1.0,const2-trial1-tdoa2,mocap_ground_truth
WORKER_05,TAG_005,38,78.003225,69.68736079205694,-115.72978064475326,0.47600003995001305,S122,0.829,good,safe,full_tracking,9,17.1,nearest_center,0.5702283622811462,1.0,1.0,const2-trial3-tdoa2,mocap_ground_truth
WORKER_06,TAG_006,38,88.001893,99.61852257123233,-135.65328625350057,0.1590000084787606,S133,0.7692,degraded,safe,full_tracking,4,23.08,nearest_center,0.29904587628288315,1.0,1.0,const2-trial4-tdoa3,mocap_ground_truth
WORKER_07,TAG_007,38,98.00170399999999,-133.22021631496656,-73.95469124036606,-0.20899996243417274,S061,0.7816,degraded,safe,full_tracking,6,21.84,nearest_center,0.2670206631305063,0.9,1.0,const2-trial6-tdoa2,mocap_ground_truth
WORKER_08,TAG_008,38,108.002384,76.38973928888288,-133.5415781848775,0.33199998654425134,S133,0.7277,degraded,safe,full_tracking,5,27.23,nearest_center,0.14537673027997616,0.7,1.0,const3-trial7-tdoa3-manual4,mocap_ground_truth
WORKER_09,TAG_009,38,118.002686,109.80981409589522,-55.04113082737157,0.28599998272955407,S135,0.7285,degraded,safe,full_tracking,10,27.15,nearest_center,0.2278419381615655,0.4,1.0,const4-trial1-tdoa2-traj2,mocap_ground_truth
WORKER_10,TAG_010,38,128.003837,66.65751973229415,112.70192863998187,0.7199999979883431,S121,0.3,poor,tracking_lost,no_tracking,0,70.0,nearest_center,0.11622918814426211,0.75,1.0,const4-trial3-tdoa2-traj2,mocap_ground_truth
WORKER_01,TAG_001,39,39.000132,-29.8383482064362,137.9506077863413,0.4740000656992196,S093,0.7335,degraded,safe,full_tracking,16,26.65,nearest_center,0.31799933383213236,0.4,1.0,const4-trial3-tdoa2-traj1,mocap_ground_truth
WORKER_02,TAG_002,39,49.00140999999999,-110.35868732357388,29.427183708794686,0.761000006571412,S077,0.3,poor,tracking_lost,no_tracking,0,70.0,nearest_center,0.10430677743592763,0.7,1.0,const4-trial1-tdoa3-traj3,mocap_ground_truth
WORKER_03,TAG_003,39,59.00321399999999,99.25127375277988,102.6024547924364,0.42500004090368737,S121,0.3,poor,tracking_lost,no_tracking,0,70.0,continuity_fallback,0.2,0.4,1.0,const1-trial5-tdoa2,mocap_ground_truth
WORKER_04,TAG_004,39,69.002618,-68.49178571457357,-126.47194539709481,0.47499999321997155,S065,0.7828,degraded,safe,full_tracking,8,21.72,nearest_center,0.2977409579912823,0.9,1.0,const2-trial1-tdoa2,mocap_ground_truth
WORKER_05,TAG_005,39,79.003225,91.81439214654473,-60.182679955757415,0.33699998177587975,S129,0.7378,degraded,safe,full_tracking,12,26.22,nearest_center,0.267658368356745,0.4,1.0,const2-trial3-tdoa2,mocap_ground_truth
WORKER_06,TAG_006,39,89.001893,77.21606007540949,-132.53162751662038,0.35900005616247643,S127,0.7663,degraded,safe,full_tracking,5,23.37,nearest_center,0.29144232222258853,0.9,1.0,const2-trial4-tdoa3,mocap_ground_truth
WORKER_07,TAG_007,39,99.00170399999999,-149.74663204549867,-23.090073184186217,-0.08199998818337928,S026,0.7813,degraded,safe,full_tracking,4,21.87,nearest_center,0.17016719666351007,0.75,1.0,const2-trial6-tdoa2,mocap_ground_truth
WORKER_08,TAG_008,39,109.002384,54.81359210708236,-144.37556061433648,0.0980000189691781,S122,0.6005,degraded,safe,degraded_tracking,2,39.95,nearest_center,0.18725343235682745,0.7,1.0,const3-trial7-tdoa3-manual4,mocap_ground_truth
WORKER_09,TAG_009,39,119.002686,121.01104534380663,6.290209552774685,0.507999985590577,S137,0.7551,degraded,safe,full_tracking,6,24.49,nearest_center,0.21887414188414517,0.7,1.0,const4-trial1-tdoa2-traj2,mocap_ground_truth
WORKER_10,TAG_010,39,129.003837,6.887005642304327,137.39972361365403,0.5430000714212655,S111,0.7352,degraded,safe,full_tracking,12,26.48,nearest_center,0.30659129263805907,0.4,1.0,const4-trial3-tdoa2-traj2,mocap_ground_truth
WORKER_01,TAG_001,40,40.000132,-90.15974510098721,118.02710217759395,0.4740000656992196,S067,0.7631,degraded,safe,full_tracking,12,23.69,nearest_center,0.24142015677387788,0.7,1.0,const4-trial3-tdoa2-traj1,mocap_ground_truth
WORKER_02,TAG_002,40,50.00140999999999,-135.6991841470507,44.66820394847387,0.8979999712854623,S045,0.3,poor,tracking_lost,no_tracking,0,70.0,nearest_center,0.17744940147579605,0.75,1.0,const4-trial1-tdoa3-traj3,mocap_ground_truth
WORKER_03,TAG_003,40,60.00321399999999,85.02020144510567,80.01635694237874,0.5300000599771737,S121,0.3,poor,tracking_lost,no_tracking,0,70.0,nearest_center,0.12192326426256855,1.0,1.0,const1-trial5-tdoa2,mocap_ground_truth
WORKER_04,TAG_004,40,70.002618,-20.106129333910506,-135.9287283398442,0.4740000656992196,S085,0.6337,degraded,safe,degraded_tracking,2,36.63,nearest_center,0.2019874568975151,0.7,1.0,const2-trial1-tdoa2,mocap_ground_truth
WORKER_05,TAG_005,40,80.003225,109.16712319109914,-15.653190209825,0.20699998654425134,S137,0.738,degraded,safe,full_tracking,12,26.2,nearest_center,0.31233567888376834,0.4,1.0,const2-trial3-tdoa2,mocap_ground_truth
WORKER_06,TAG_006,40,90.001893,50.865618056179855,-126.65556980632105,0.5359999827295541,S127,0.797,degraded,safe,full_tracking,6,20.3,nearest_center,0.2249254694873165,1.0,1.0,const2-trial4-tdoa3,mocap_ground_truth
WORKER_07,TAG_007,40,100.00170399999999,-155.16362326022815,33.9260391961323,0.10100003995001305,S043,0.7545,degraded,safe,full_tracking,6,24.55,nearest_center,0.21950788774721888,0.7,1.0,const2-trial6-tdoa2,mocap_ground_truth
WORKER_08,TAG_008,40,110.002384,48.75390998755678,-122.06490485062245,-0.42099997483193885,S113,0.8034,good,safe,full_tracking,6,19.66,nearest_center,0.20427269246485935,0.9,1.0,const3-trial7-tdoa3-manual4,mocap_ground_truth
WORKER_09,TAG_009,40,120.002686,107.33084626381111,68.53968360812368,0.701000063791871,S138,0.3,poor,tracking_lost,no_tracking,0,70.0,nearest_center,0.1264108292704475,0.9,1.0,const4-trial1-tdoa2-traj2,mocap_ground_truth
WORKER_10,TAG_010,40,130.003837,-56.92329743945325,132.80905865795543,0.3110000780969857,S093,0.7533,degraded,safe,full_tracking,14,24.67,nearest_center,0.21812510080858605,0.7,1.0,const4-trial3-tdoa2-traj2,mocap_ground_truth
WORKER_01,TAG_001,41,41.000132,-136.15825064262054,73.13035403632657,0.47600003995001305,S045,0.7332,degraded,safe,full_tracking,3,26.68,nearest_center,0.23714668838476255,0.75,1.0,const4-trial3-tdoa2-traj1,mocap_ground_truth
WORKER_02,TAG_002,41,51.00140999999999,-152.59284869603525,30.62075605002589,0.982000081911683,S044,0.7874,degraded,safe,full_tracking,5,21.26,nearest_center,0.30651825841395286,0.9,1.0,const4-trial1-tdoa3-traj3,mocap_ground_truth
WORKER_03,TAG_003,41,61.00321399999999,54.170901202286274,53.574102718536,0.5900000027567147,S120,0.7558,degraded,safe,full_tracking,4,24.42,nearest_center,0.28227009640200157,0.9,1.0,const1-trial5-tdoa2,mocap_ground_truth
WORKER_04,TAG_004,41,71.002618,28.3713378832396,-128.40002905649166,0.4719999722391366,S104,0.7539,degraded,safe,full_tracking,5,24.61,nearest_center,0.2319288428548859,0.7,1.0,const2-trial1-tdoa2,mocap_ground_truth
WORKER_05,TAG_005,41,81.003225,118.99115495230099,7.2083435700089575,0.09600004471838464,S137,0.8018,good,safe,full_tracking,6,19.82,nearest_center,0.31402176249834757,1.0,1.0,const2-trial3-tdoa2,mocap_ground_truth
WORKER_06,TAG_006,41,91.001893,21.94440147275728,-118.20873753182877,0.6490000180155038,S122,0.8148,good,safe,full_tracking,4,18.52,nearest_center,0.19630995766543266,0.9,1.0,const2-trial4-tdoa3,mocap_ground_truth
WORKER_07,TAG_007,41,101.00170399999999,-148.92030578646776,84.05614867039864,0.2970000199228524,S045,0.7401,degraded,safe,full_tracking,7,25.99,nearest_center,0.13999999999999999,0.7,1.0,const2-trial6-tdoa2,mocap_ground_truth
WORKER_08,TAG_008,41,111.002384,48.47846790121315,-86.16587315653462,-0.28000000201165687,S114,0.8067,good,safe,full_tracking,13,19.33,nearest_center,0.48280826366159146,0.9,1.0,const3-trial7-tdoa3-manual4,mocap_ground_truth
WORKER_09,TAG_009,41,121.002686,64.91306595462783,113.89550371746523,0.7169999770075082,S121,0.3,poor,tracking_lost,no_tracking,0,70.0,nearest_center,0.1183754961312152,0.75,1.0,const4-trial1-tdoa2-traj2,mocap_ground_truth
WORKER_10,TAG_010,41,131.003837,-112.83765515565798,100.85799554226578,0.20800003327429284,S067,0.7485,degraded,safe,full_tracking,6,25.15,nearest_center,0.13393656038469404,0.7,1.0,const4-trial3-tdoa2-traj2,mocap_ground_truth
WORKER_01,TAG_001,42,42.000132,-156.81626483328137,14.828854373911586,0.47600003995001305,S044,0.7845,degraded,safe,full_tracking,8,21.55,nearest_center,0.2989504166826786,0.9,1.0,const4-trial3-tdoa2-traj1,mocap_ground_truth
WORKER_02,TAG_002,42,52.00140999999999,-155.80631416502425,-6.47185140560835,1.0129999808222054,S042,0.8005,good,safe,full_tracking,7,19.95,bounds_contains,0.6649999999999999,0.7,1.0,const4-trial1-tdoa3-traj3,mocap_ground_truth
WORKER_03,TAG_003,42,62.00321399999999,12.854875557216783,26.856409144601756,0.5769999913126229,S107,0.8115,good,safe,full_tracking,13,18.85,bounds_contains,0.6649999999999999,0.7,1.0,const1-trial5-tdoa2,mocap_ground_truth
WORKER_04,TAG_004,42,72.002618,70.9727480741534,-104.52854939684184,0.47100004471838464,S122,0.7767,degraded,safe,full_tracking,11,22.33,nearest_center,0.28263037741993724,0.7,1.0,const2-trial1-tdoa2,mocap_ground_truth
WORKER_05,TAG_005,42,82.003225,122.93912900320349,2.801300885839607,0.01400002755224694,S137,0.8022,good,safe,full_tracking,5,19.78,nearest_center,0.32188739135005995,1.0,1.0,const2-trial3-tdoa2,mocap_ground_truth
WORKER_06,TAG_006,42,92.001893,-9.363963213442869,-104.9876158924117,0.6609999827295541,S104,0.7764,degraded,safe,full_tracking,3,22.36,nearest_center,0.23101720421111102,0.7,1.0,const2-trial4-tdoa3,mocap_ground_truth
WORKER_07,TAG_007,42,102.00170399999999,-130.00675084597756,121.79145181927022,0.448000042811036,S047,0.7906,degraded,safe,full_tracking,7,20.94,nearest_center,0.1840261294242469,0.7,1.0,const2-trial6-tdoa2,mocap_ground_truth
WORKER_08,TAG_008,42,112.002384,38.838066021741824,-69.27220860755007,0.2240000656992196,S115,0.8088,good,safe,full_tracking,10,19.12,nearest_center,0.45237273828432906,0.9,1.0,const3-trial7-tdoa3-manual4,mocap_ground_truth
WORKER_09,TAG_009,42,122.002686,6.795193437691214,137.3079168815452,0.5459999731928109,S111,0.7356,degraded,safe,full_tracking,12,26.44,nearest_center,0.30771743387114425,0.4,1.0,const4-trial1-tdoa2-traj2,mocap_ground_truth
WORKER_10,TAG_010,42,132.003837,-148.4612392908979,49.25887437667675,0.30700001038610925,S045,0.7291,degraded,safe,full_tracking,5,27.09,nearest_center,0.22953272466035948,0.75,1.0,const4-trial3-tdoa2-traj2,mocap_ground_truth
WORKER_01,TAG_001,43,43.000132,-149.28756554992881,-47.60424922113642,0.476999967470765,S057,0.7713,degraded,safe,full_tracking,8,22.87,nearest_center,0.23665172595534642,0.4,1.0,const4-trial3-tdoa2-traj1,mocap_ground_truth
WORKER_02,TAG_002,43,53.00140999999999,-146.25772449016603,-47.420619339405896,0.9719999722391366,S057,0.8171,good,safe,full_tracking,8,18.29,nearest_center,0.4550079361957631,0.7,1.0,const4-trial1-tdoa3-traj3,mocap_ground_truth
WORKER_03,TAG_003,43,63.00321399999999,-33.96995077094315,6.565649586929207,0.5099999598413705,S098,0.7753,degraded,safe,full_tracking,7,22.47,nearest_center,0.22938662041288443,0.9,1.0,const1-trial5-tdoa2,mocap_ground_truth
WORKER_04,TAG_004,43,73.002618,104.1173807948221,-67.9868213254536,0.4690000704675912,S128,0.7756,degraded,safe,full_tracking,9,22.44,nearest_center,0.21913160376996224,0.7,1.0,const2-trial1-tdoa2,mocap_ground_truth
WORKER_05,TAG_005,43,83.003225,118.89933727518356,-29.33338518544231,-0.039000005349516975,S131,0.7829,degraded,safe,full_tracking,6,21.71,nearest_center,0.2252087352829323,0.9,1.0,const2-trial3-tdoa2,mocap_ground_truth
WORKER_06,TAG_006,43,93.001893,-40.58051432690384,-90.94016799396371,0.5689999751001595,S085,0.7406,degraded,safe,full_tracking,4,25.94,nearest_center,0.23912700224828634,0.7,1.0,const2-trial4-tdoa3,mocap_ground_truth
WORKER_07,TAG_007,43,103.00170399999999,-99.24926828027556,139.32780727305087,0.5220000437647103,S062,0.7663,degraded,safe,full_tracking,8,23.37,nearest_center,0.21752569321999343,0.7,1.0,const2-trial6-tdoa2,mocap_ground_truth
WORKER_08,TAG_008,43,113.002384,34.98190417545243,-37.5965903144562,0.5359999827295541,S116,0.8302,good,safe,full_tracking,9,16.98,nearest_center,0.6632843497354198,0.9,1.0,const3-trial7-tdoa3-manual4,mocap_ground_truth
WORKER_09,TAG_009,43,123.002686,-54.5361500207387,134.186258144665,0.31600007332861413,S093,0.7561,degraded,safe,full_tracking,14,24.39,nearest_center,0.22927305357201375,0.7,1.0,const4-trial1-tdoa2-traj2,mocap_ground_truth
WORKER_10,TAG_010,43,133.003837,-157.55077341519487,-11.33796049983968,0.5359999827295541,S042,0.734,degraded,safe,full_tracking,10,26.6,bounds_contains,0.38,0.4,1.0,const4-trial3-tdoa2-traj2,mocap_ground_truth
WORKER_01,TAG_001,44,44.000132,-113.84759487890652,-99.29518259133857,0.4740000656992196,S061,0.7468,degraded,safe,full_tracking,7,25.32,nearest_center,0.24032875049473978,0.4,1.0,const4-trial3-tdoa2-traj1,mocap_ground_truth
WORKER_02,TAG_002,44,54.00140999999999,-127.2523518725584,-69.27220860755007,0.882999985590577,S056,0.7637,degraded,safe,full_tracking,6,23.63,nearest_center,0.3128465483138853,0.9,1.0,const4-trial1-tdoa3-traj3,mocap_ground_truth
WORKER_03,TAG_003,44,64.00321399999999,-77.76493877559244,-3.0747560548888204,0.39500006951391686,S078,0.764,degraded,safe,full_tracking,3,23.6,nearest_center,0.13988931206128216,0.7,1.0,const1-trial5-tdoa2,mocap_ground_truth
WORKER_04,TAG_004,44,74.002618,120.82742093458042,-21.80468590208976,0.47499999321997155,S130,0.7683,degraded,safe,full_tracking,5,23.17,nearest_center,0.170573944972652,0.7,1.0,const2-trial1-tdoa2,mocap_ground_truth
WORKER_05,TAG_005,44,84.003225,106.04546445421894,-78.82079828240829,-0.051999957188964,S129,0.7854,degraded,safe,full_tracking,8,21.46,nearest_center,0.22100987088880034,0.7,1.0,const2-trial3-tdoa2,mocap_ground_truth
WORKER_06,TAG_006,44,94.001893,-71.1543724833796,-73.4956247447962,0.39400002278387536,S072,0.8122,good,safe,full_tracking,3,18.78,nearest_center,0.21186100266709637,0.9,1.0,const2-trial4-tdoa3,mocap_ground_truth
WORKER_07,TAG_007,44,104.00170399999999,-62.064849304091254,136.20614853617067,0.5029999903589486,S082,0.7289,degraded,safe,full_tracking,15,27.11,nearest_center,0.30619076513928206,0.4,1.0,const2-trial6-tdoa2,mocap_ground_truth
WORKER_08,TAG_008,44,114.002384,38.19536964444144,-1.881182003500025,0.3849999598413705,S117,0.7967,degraded,safe,full_tracking,11,20.33,nearest_center,0.37433033598132615,0.9,1.0,const3-trial7-tdoa3-manual4,mocap_ground_truth
WORKER_09,TAG_009,44,124.002686,-109.44055433243416,101.7761285334055,0.20699998654425134,S067,0.7571,degraded,safe,full_tracking,6,24.29,nearest_center,0.14526966608800693,0.7,1.0,const4-trial1-tdoa2-traj2,mocap_ground_truth
WORKER_10,TAG_010,44,134.003837,-136.4336927289642,-70.74122029887276,0.7160000494867562,S040,0.7426,degraded,safe,full_tracking,10,25.74,nearest_center,0.2128370863251808,0.7,1.0,const4-trial3-tdoa2-traj2,mocap_ground_truth
WORKER_01,TAG_001,45,45.000132,-59.402259799033075,-131.062621297802,0.4719999722391366,S065,0.7212,degraded,safe,full_tracking,7,27.88,nearest_center,0.1873893867510859,0.7,1.0,const4-trial3-tdoa2-traj1,mocap_ground_truth
WORKER_02,TAG_002,45,55.00140999999999,-97.41300229799613,-63.39615089725073,0.7429999998956918,S056,0.3,poor,tracking_lost,no_tracking,0,70.0,nearest_center,0.16966580364552974,1.0,1.0,const4-trial1-tdoa3-traj3,mocap_ground_truth
WORKER_03,TAG_003,45,65.00321399999999,-112.1031465737445,2.525860680669325,0.2729999712854623,S077,0.3,poor,tracking_lost,no_tracking,0,70.0,nearest_center,0.1345849928802318,0.9,1.0,const1-trial5-tdoa2,mocap_ground_truth
WORKER_04,TAG_004,45,75.002618,120.46016117111937,26.305527708166636,0.4719999722391366,S132,0.7458,degraded,safe,full_tracking,3,25.42,nearest_center,0.17103413745855017,0.7,1.0,const2-trial1-tdoa2,mocap_ground_truth
WORKER_05,TAG_005,45,85.003225,89.42724199157803,-128.95091322917892,-0.035999984368682014,S128,0.7652,degraded,safe,full_tracking,5,23.48,nearest_center,0.1928559948056704,0.9,1.0,const2-trial3-tdoa2,mocap_ground_truth
WORKER_06,TAG_006,45,95.001893,-98.6983895800926,-52.745798349522275,0.18300005711615075,S073,0.3,poor,tracking_lost,no_tracking,0,70.0,nearest_center,0.14575715833489036,0.9,1.0,const2-trial4-tdoa3,mocap_ground_truth
WORKER_07,TAG_007,45,105.00170399999999,-21.66695665016149,106.64224652045631,0.3840000323206185,S093,0.776,degraded,safe,full_tracking,10,22.4,nearest_center,0.24409162392821562,0.9,1.0,const2-trial6-tdoa2,mocap_ground_truth
WORKER_08,TAG_008,45,115.002384,37.736303148871585,18.776829792940163,-0.3619999595731498,S118,0.8078,good,safe,full_tracking,12,19.22,nearest_center,0.5119770780639931,0.9,1.0,const3-trial7-tdoa3-manual4,mocap_ground_truth
WORKER_09,TAG_009,45,125.002686,-148.1858081495629,50.08519516320335,0.3009999684244393,S045,0.7282,degraded,safe,full_tracking,5,27.18,nearest_center,0.2322443815286011,0.75,1.0,const4-trial1-tdoa2-traj2,mocap_ground_truth
WORKER_10,TAG_010,45,135.003837,-92.08782328787976,-117.74967103625892,0.7060000590234994,S065,0.7697,degraded,safe,full_tracking,10,23.03,bounds_contains,0.38,0.4,1.0,const4-trial3-tdoa2-traj2,mocap_ground_truth
WORKER_01,TAG_001,46,46.000132,3.6735374370631675,-136.47960156752288,0.4719999722391366,S104,0.5944,poor,safe,degraded_tracking,2,40.56,nearest_center,0.1246518227448409,0.4,1.0,const4-trial3-tdoa2-traj1,mocap_ground_truth
WORKER_02,TAG_002,46,56.00140999999999,-58.57593901250647,-22.906448774959998,0.5710000685602425,S076,0.7809,degraded,safe,full_tracking,5,21.91,nearest_center,0.32300457410463024,0.75,1.0,const4-trial1-tdoa3-traj3,mocap_ground_truth
WORKER_03,TAG_003,46,66.00321399999999,-131.29214360057833,19.878591297684324,0.1659999779611825,S043,0.3,poor,tracking_lost,no_tracking,0,70.0,nearest_center,0.17561203182111743,0.75,1.0,const1-trial5-tdoa2,mocap_ground_truth
WORKER_04,TAG_004,46,76.002618,104.48464055828315,71.8449667542301,0.46999999798834313,S138,0.3,poor,tracking_lost,no_tracking,0,70.0,nearest_center,0.10751551759610235,0.9,1.0,const2-trial1-tdoa2,mocap_ground_truth
WORKER_05,TAG_005,46,86.003225,66.29026544133741,-165.0335748049973,0.017999976053833855,S122,0.3,poor,tracking_lost,no_tracking,0,70.0,nearest_center,0.10054711828387232,0.7,1.0,const2-trial3-tdoa2,mocap_ground_truth
WORKER_06,TAG_006,46,96.001893,-123.02893573531227,-31.72053260415686,-0.01399996958673011,S057,0.6456,degraded,safe,degraded_tracking,2,35.44,nearest_center,0.23739363257695933,0.75,1.0,const2-trial4-tdoa3,mocap_ground_truth
WORKER_07,TAG_007,46,106.00170399999999,20.19994769509096,64.40808514799497,0.20300003804266442,S120,0.7973,degraded,safe,full_tracking,13,20.27,nearest_center,0.3555357123543494,0.75,1.0,const2-trial6-tdoa2,mocap_ground_truth
WORKER_08,TAG_008,46,116.002384,35.71640728486163,59.358348224222226,0.06500002659857262,S120,0.7999,degraded,safe,full_tracking,9,20.01,nearest_center,0.44943854482797924,0.7,1.0,const3-trial7-tdoa3-manual4,mocap_ground_truth
WORKER_09,TAG_009,46,126.002686,-157.091706919625,-10.695266858791449,0.5329999617487191,S042,0.738,degraded,safe,full_tracking,9,26.2,bounds_contains,0.38,0.4,1.0,const4-trial1-tdoa2-traj2,mocap_ground_truth
WORKER_10,TAG_010,46,136.003837,-32.409122770629125,-138.49950290403712,0.5179999760538339,S085,0.6191,degraded,safe,degraded_tracking,2,38.09,nearest_center,0.21321663276502528,0.7,1.0,const4-trial3-tdoa2-traj2,mocap_ground_truth
WORKER_01,TAG_001,47,47.000132,62.709545681391646,-114.5362055672699,0.4730000189691781,S122,0.8009,good,safe,full_tracking,10,19.91,nearest_center,0.5622601818234293,0.7,1.0,const4-trial3-tdoa2-traj1,mocap_ground_truth
WORKER_02,TAG_002,47,57.00140999999999,-21.116076581852447,29.79443526349928,0.3920000485330819,S088,0.7881,degraded,safe,full_tracking,9,21.19,nearest_center,0.24193976066688724,0.7,1.0,const4-trial1-tdoa3-traj3,mocap_ground_truth
WORKER_03,TAG_003,47,67.00321399999999,-131.38395033268714,44.48457953924764,0.09100004948675622,S044,0.3,poor,tracking_lost,no_tracking,0,70.0,nearest_center,0.17336778261192504,0.9,1.0,const1-trial5-tdoa2,mocap_ground_truth
WORKER_04,TAG_004,47,77.002618,73.08445614277646,108.47851250273574,0.4690000704675912,S121,0.3,poor,tracking_lost,no_tracking,0,70.0,nearest_center,0.10457527044190981,0.75,1.0,const2-trial1-tdoa2,mocap_ground_truth
WORKER_05,TAG_005,47,87.003225,38.92987822635493,-180.64184659938107,0.11100003041326989,S122,0.3,poor,tracking_lost,no_tracking,0,70.0,continuity_fallback,0.2,0.4,1.0,const2-trial3-tdoa2,mocap_ground_truth
WORKER_06,TAG_006,47,97.001893,-140.84073327543655,-10.970707577009009,-0.1429999776929618,S057,0.7634,degraded,safe,full_tracking,5,23.66,nearest_center,0.27859232187611616,1.0,1.0,const2-trial4-tdoa3,mocap_ground_truth
WORKER_07,TAG_007,47,107.00170399999999,57.017117852822835,11.799012630085764,0.002999990358948601,S126,0.7351,degraded,safe,full_tracking,11,26.49,nearest_center,0.2442088696612572,0.4,1.0,const2-trial6-tdoa2,mocap_ground_truth
WORKER_08,TAG_008,47,117.002384,34.89009197083932,86.71873543920469,0.4040000132471322,S121,0.8014,good,safe,full_tracking,7,19.86,nearest_center,0.41967024629461686,0.9,1.0,const3-trial7-tdoa3-manual4,mocap_ground_truth
WORKER_09,TAG_009,47,127.002686,-137.07638363376026,-69.91489951234615,0.7150000027567147,S040,0.7459,degraded,safe,full_tracking,10,25.41,nearest_center,0.21657599894182816,0.7,1.0,const4-trial1-tdoa2-traj2,mocap_ground_truth
WORKER_10,TAG_010,47,137.003837,29.381285815244578,-131.062621297802,0.2970000199228524,S104,0.742,degraded,safe,full_tracking,5,25.8,nearest_center,0.22039350468276347,0.7,1.0,const4-trial3-tdoa2-traj2,mocap_ground_truth
WORKER_01,TAG_001,48,48.000132,106.68815535901503,-67.71137923910997,0.4730000189691781,S135,0.7412,degraded,safe,full_tracking,10,25.88,nearest_center,0.25157248546412675,0.4,1.0,const4-trial3-tdoa2-traj1,mocap_ground_truth
WORKER_02,TAG_002,48,58.00140999999999,20.108132754225704,76.80289147338974,0.21400007523596276,S121,0.8019,good,safe,full_tracking,11,19.81,nearest_center,0.4074014177407872,0.75,1.0,const4-trial1-tdoa3-traj3,mocap_ground_truth
WORKER_03,TAG_003,48,68.00321399999999,-112.65401980142316,68.99875010369354,0.0860000542551278,S045,0.3,poor,tracking_lost,no_tracking,0,70.0,nearest_center,0.1520410136297905,0.9,1.0,const1-trial5-tdoa2,mocap_ground_truth
WORKER_04,TAG_004,48,78.002618,29.932167251679697,132.34999216238558,0.476999967470765,S110,0.7146,degraded,safe,full_tracking,4,28.54,nearest_center,0.1949586392775059,0.7,1.0,const2-trial1-tdoa2,mocap_ground_truth
WORKER_05,TAG_005,48,88.003225,7.070632787782699,-164.2072485459664,0.21999999798834313,S104,0.3,poor,tracking_lost,no_tracking,0,70.0,nearest_center,0.102753342531217,0.7,1.0,const2-trial3-tdoa2,mocap_ground_truth
WORKER_06,TAG_006,48,98.001893,-152.59284869603525,11.339946134515905,-0.176999957188964,S042,0.7387,degraded,safe,full_tracking,8,26.13,nearest_center,0.220371343670845,0.7,1.0,const2-trial4-tdoa3,mocap_ground_truth
WORKER_07,TAG_007,48,108.00170399999999,88.96817549600817,-45.217099066169716,-0.17300000868737708,S130,0.7241,degraded,safe,full_tracking,13,27.59,nearest_center,0.22174621999640884,0.4,1.0,const2-trial6-tdoa2,mocap_ground_truth
WORKER_08,TAG_008,48,118.002384,29.74854010620132,52.56415752278317,0.49299999989569177,S120,0.8309,good,safe,full_tracking,11,16.91,nearest_center,0.5211019032848869,0.9,1.0,const3-trial7-tdoa3-manual4,mocap_ground_truth
WORKER_09,TAG_009,48,128.00268599999998,-93.18958616075,-115.08708973995718,0.7130000285059213,S065,0.7692,degraded,safe,full_tracking,10,23.08,bounds_contains,0.38,0.4,1.0,const4-trial1-tdoa2-traj2,mocap_ground_truth
WORKER_10,TAG_010,48,138.003837,83.00030010859142,-95.98989944523215,0.2089999607950448,S122,0.7621,degraded,safe,full_tracking,11,23.79,nearest_center,0.21694089767734687,0.7,1.0,const4-trial3-tdoa2-traj2,mocap_ground_truth
WORKER_01,TAG_001,49,49.000132,122.93912900320349,-7.481798653550291,0.4719999722391366,S136,0.7715,degraded,safe,full_tracking,6,22.85,nearest_center,0.2328413492229314,0.9,1.0,const4-trial3-tdoa2-traj1,mocap_ground_truth
WORKER_02,TAG_002,49,59.00140999999999,57.84343863934943,97.46090566405054,0.07399997033178796,S121,0.3,poor,tracking_lost,no_tracking,0,70.0,nearest_center,0.2564577516949569,1.0,1.0,const4-trial1-tdoa3-traj3,mocap_ground_truth
WORKER_03,TAG_003,49,69.00321399999999,-79.32576267152824,90.8503393718377,0.1410000018030404,S081,0.7544,degraded,safe,full_tracking,7,24.56,nearest_center,0.22875768866282936,0.75,1.0,const1-trial5-tdoa2,mocap_ground_truth
WORKER_04,TAG_004,49,79.002618,-17.718981231132915,140.88863116898668,0.4780000142008065,S102,0.7876,degraded,safe,full_tracking,15,21.24,nearest_center,0.4599852215204457,0.7,1.0,const2-trial1-tdoa2,mocap_ground_truth
WORKER_05,TAG_005,49,89.003225,-23.68685114604537,-122.89122016464476,0.3480000189691781,S104,0.7274,degraded,safe,degraded_tracking,2,27.26,nearest_center,0.2380230926892396,1.0,1.0,const2-trial3-tdoa2,mocap_ground_truth
WORKER_06,TAG_006,49,99.001893,-155.5308720786806,33.00790620499259,-0.10999998532235633,S043,0.7844,degraded,safe,full_tracking,6,21.56,nearest_center,0.28742054472231066,0.9,1.0,const2-trial4-tdoa3,mocap_ground_truth
WORKER_07,TAG_007,49,109.00170399999999,111.55426240105724,-95.5308329496623,-0.28699997149407874,S128,0.7537,degraded,safe,full_tracking,10,24.63,nearest_center,0.21978487464982122,0.7,1.0,const2-trial6-tdoa2,mocap_ground_truth
WORKER_08,TAG_008,49,119.002384,31.40117894300238,13.910720014645793,0.46300002850592126,S118,0.7649,degraded,safe,full_tracking,13,23.51,nearest_center,0.3285445294555252,0.7,1.0,const3-trial7-tdoa3-manual4,mocap_ground_truth
WORKER_09,TAG_009,49,129.00268599999998,-34.24539148916071,-136.84686133098393,0.5229999712854623,S085,0.6257,degraded,safe,degraded_tracking,2,37.43,nearest_center,0.22158465441345165,0.7,1.0,const4-trial1-tdoa2-traj2,mocap_ground_truth
WORKER_10,TAG_010,49,139.003837,114.58410346082003,-42.738139442842055,0.32500001706182946,S137,0.7632,degraded,safe,full_tracking,8,23.68,nearest_center,0.2204354041425296,0.75,1.0,const4-trial3-tdoa2-traj2,mocap_ground_truth
WORKER_01,TAG_001,50,50.000132,108.34079693206823,55.04311988236298,0.46999999798834313,S138,0.3,poor,tracking_lost,no_tracking,0,70.0,nearest_center,0.15697121712332138,0.7,1.0,const4-trial3-tdoa2-traj1,mocap_ground_truth
WORKER_02,TAG_002,50,60.00140999999999,87.86641809564223,88.73863130321465,-0.023000032529234993,S121,0.3,poor,tracking_lost,no_tracking,0,70.0,continuity_fallback,0.2,0.4,1.0,const4-trial1-tdoa3-traj3,mocap_ground_truth
WORKER_03,TAG_003,50,70.00321399999999,-34.888085130208935,103.33696337434989,0.23800000466406335,S092,0.7914,degraded,safe,full_tracking,14,20.86,nearest_center,0.44853186470214806,0.9,1.0,const1-trial5-tdoa2,mocap_ground_truth
WORKER_04,TAG_004,50,80.002618,-66.28826544133739,130.60553291221495,0.46999999798834313,S082,0.7699,degraded,safe,full_tracking,14,23.01,nearest_center,0.402577591654878,0.7,1.0,const2-trial1-tdoa2,mocap_ground_truth
WORKER_05,TAG_005,50,90.003225,-56.18879159379192,-64.13065947916422,0.4899999789148568,S074,0.7646,degraded,safe,full_tracking,9,23.54,nearest_center,0.32340489473945316,0.4,1.0,const2-trial3-tdoa2,mocap_ground_truth
WORKER_06,TAG_006,50,100.001893,-151.30745594143448,54.859490000632455,0.04700001992285241,S045,0.732,degraded,safe,full_tracking,6,26.8,nearest_center,0.2411729570386707,0.7,1.0,const2-trial4-tdoa3,mocap_ground_truth
WORKER_07,TAG_007,50,110.00170399999999,123.0309357353123,-127.20645397900832,-0.30499997816979896,S127,0.7902,degraded,safe,full_tracking,3,20.98,nearest_center,0.20638082664954557,0.9,1.0,const2-trial6-tdoa2,mocap_ground_truth
WORKER_08,TAG_008,50,120.002384,30.483045951862668,-16.204070278134047,0.3110000780969857,S117,0.7809,degraded,safe,full_tracking,9,21.91,nearest_center,0.3723060046210381,0.9,1.0,const3-trial7-tdoa3-manual4,mocap_ground_truth
WORKER_09,TAG_009,50,130.00268599999998,27.361392687486767,-131.2462457070282,0.29899999417364587,S104,0.7521,degraded,safe,full_tracking,4,24.79,nearest_center,0.22538124816399988,0.7,1.0,const4-trial1-tdoa2-traj2,mocap_ground_truth
WORKER_10,TAG_010,50,140.003837,122.11280274417258,19.78677772494514,0.5550000361353158,S137,0.7975,degraded,safe,full_tracking,3,20.25,nearest_center,0.23566527354499528,1.0,1.0,const4-trial3-tdoa2-traj2,mocap_ground_truth
WORKER_01,TAG_001,51,51.000132,76.20611487965665,104.53053845183324,0.46999999798834313,S121,0.3,poor,tracking_lost,no_tracking,0,70.0,nearest_center,0.10168993377705507,0.75,1.0,const4-trial3-tdoa2-traj1,mocap_ground_truth
WORKER_02,TAG_002,51,61.00140999999999,112.47240633720556,53.574102718536,-0.06700000248849403,S138,0.3,poor,tracking_lost,no_tracking,0,70.0,nearest_center,0.17297700677243227,0.75,1.0,const4-trial1-tdoa3-traj3,mocap_ground_truth
WORKER_03,TAG_003,51,71.00321399999999,12.21218191616855,103.33696337434989,0.35800000943243493,S110,0.7639,degraded,safe,full_tracking,10,23.61,nearest_center,0.28904346788029345,0.7,1.0,const1-trial5-tdoa2,mocap_ground_truth
WORKER_04,TAG_004,51,81.002618,-108.43060366417703,104.71416286105946,0.4730000189691781,S066,0.7705,degraded,safe,full_tracking,7,22.95,nearest_center,0.23456144725188405,0.7,1.0,const2-trial1-tdoa2,mocap_ground_truth
WORKER_05,TAG_005,51,91.003225,-84.00824530434423,-7.298171508071917,0.6290000370889901,S076,0.7373,degraded,safe,full_tracking,3,26.27,nearest_center,0.23077138826495877,0.7,1.0,const2-trial3-tdoa2,mocap_ground_truth
WORKER_06,TAG_006,51,101.001893,-141.94249067580247,74.96662549111029,0.24700006760656823,S046,0.7735,degraded,safe,full_tracking,4,22.65,nearest_center,0.27441114218369456,0.9,1.0,const2-trial4-tdoa3,mocap_ground_truth
WORKER_07,TAG_007,51,111.00170399999999,121.47011183937649,-136.02053507195302,-0.22900000296533118,S133,0.7577,degraded,safe,full_tracking,3,24.23,nearest_center,0.27567055213029823,0.9,1.0,const2-trial6-tdoa2,mocap_ground_truth
WORKER_08,TAG_008,51,121.002384,33.60469921623856,-37.87202966454769,-0.3969999857991935,S116,0.8185,good,safe,full_tracking,9,18.15,nearest_center,0.5890329890703355,0.9,1.0,const3-trial7-tdoa3-manual4,mocap_ground_truth
WORKER_09,TAG_009,51,131.00268599999998,81.34765853553822,-98.28524286809005,0.20699998654425134,S122,0.7659,degraded,safe,full_tracking,11,23.41,nearest_center,0.22867754747422755,0.7,1.0,const4-trial1-tdoa2-traj2,mocap_ground_truth
WORKER_10,TAG_010,51,141.003837,100.81209764871568,79.37366603758265,0.7219999722391366,S137,0.3,poor,tracking_lost,no_tracking,0,70.0,continuity_fallback,0.2,0.4,1.0,const4-trial3-tdoa2-traj2,mocap_ground_truth
WORKER_01,TAG_001,52,52.000132,21.6689621226658,135.10439113580472,0.4730000189691781,S110,0.7372,degraded,safe,full_tracking,6,26.28,nearest_center,0.21071322936363976,0.7,1.0,const4-trial3-tdoa2-traj1,mocap_ground_truth
WORKER_02,TAG_002,52,62.00140999999999,122.3882448305162,14.461601451080913,-0.04499998770654212,S137,0.7777,degraded,safe,full_tracking,4,22.23,nearest_center,0.23790372959229134,0.9,1.0,const4-trial1-tdoa3-traj3,mocap_ground_truth
WORKER_03,TAG_003,52,72.00321399999999,57.751620962232025,88.92225571244087,0.47600003995001305,S121,0.6053,degraded,safe,degraded_tracking,2,39.47,nearest_center,0.19662736803385836,0.7,1.0,const1-trial5-tdoa2,mocap_ground_truth
WORKER_04,TAG_004,52,82.002618,-138.72902520681347,65.69347243009143,0.4719999722391366,S045,0.6908,degraded,safe,full_tracking,3,30.92,nearest_center,0.13017936364012303,0.4,1.0,const2-trial1-tdoa2,mocap_ground_truth
WORKER_05,TAG_005,52,92.003225,-109.62417874166037,40.99566924766285,0.7570000580698251,S078,0.3,poor,tracking_lost,no_tracking,0,70.0,nearest_center,0.11929801106032116,0.7,1.0,const2-trial3-tdoa2,mocap_ground_truth
WORKER_06,TAG_006,52,102.001893,-125.5997102995052,92.3193510631604,0.4360000780969857,S058,0.7391,degraded,safe,full_tracking,4,26.09,nearest_center,0.2214790105661037,0.7,1.0,const2-trial4-tdoa3,mocap_ground_truth
WORKER_07,TAG_007,52,112.00170399999999,108.0653548457246,-124.26843059636293,-0.07199999772012244,S127,0.7882,degraded,safe,full_tracking,5,21.18,nearest_center,0.2877887490657602,0.9,1.0,const2-trial6-tdoa2,mocap_ground_truth
WORKER_08,TAG_008,52,122.002384,22.862534463897003,-70.09852939407668,-0.5099999614804984,S115,0.8128,good,safe,full_tracking,6,18.72,nearest_center,0.32615415316479796,0.9,1.0,const3-trial7-tdoa3-manual4,mocap_ground_truth
WORKER_09,TAG_009,52,132.00268599999998,114.12503696525017,-43.013578792933544,0.3180000475794076,S137,0.7644,degraded,safe,full_tracking,8,23.56,nearest_center,0.21976931676317674,0.75,1.0,const4-trial1-tdoa2-traj2,mocap_ground_truth
WORKER_10,TAG_010,52,142.003837,53.80364691132952,121.60782741004401,0.6969999960809945,S110,0.3,poor,tracking_lost,no_tracking,0,70.0,nearest_center,0.12673408489041987,0.75,1.0,const4-trial3-tdoa2-traj2,mocap_ground_truth
WORKER_01,TAG_001,53,53.000132,-42.60041019091379,137.03247479520158,0.47499999321997155,S092,0.7656,degraded,safe,full_tracking,12,23.44,nearest_center,0.22061033819685721,0.7,1.0,const4-trial3-tdoa2-traj1,mocap_ground_truth
WORKER_02,TAG_002,53,63.00140999999999,117.88938660692644,-13.266041422984374,0.03900000371038903,S137,0.8032,good,safe,full_tracking,8,19.68,nearest_center,0.40016003036375625,1.0,1.0,const4-trial1-tdoa3-traj3,mocap_ground_truth
WORKER_03,TAG_003,53,73.00321399999999,83.91843309973113,65.78528463470454,0.5400000504404305,S121,0.3,poor,tracking_lost,no_tracking,0,70.0,nearest_center,0.11989263694247601,1.0,1.0,const1-trial5-tdoa2,mocap_ground_truth
WORKER_04,TAG_004,53,83.002618,-153.32735727794872,19.51133700672758,0.4719999722391366,S044,0.7673,degraded,safe,full_tracking,8,23.27,nearest_center,0.2971735364890834,0.9,1.0,const2-trial1-tdoa2,mocap_ground_truth
WORKER_05,TAG_005,53,93.003225,-131.10851919135212,63.1226978658985,0.8630000046640633,S045,0.6072,degraded,safe,degraded_tracking,2,39.28,nearest_center,0.20687725282362393,0.75,1.0,const2-trial3-tdoa2,mocap_ground_truth
WORKER_06,TAG_006,53,103.001893,-101.45278855351174,108.01944600716588,0.5670000008493661,S058,0.8208,good,safe,full_tracking,6,17.92,nearest_center,0.2452755526942948,1.0,1.0,const2-trial4-tdoa3,mocap_ground_truth
WORKER_07,TAG_007,53,113.00170399999999,81.43947621265562,-94.52089322641378,0.13100001133978356,S128,0.8017,good,safe,full_tracking,14,19.83,nearest_center,0.44305567219281067,0.9,1.0,const2-trial6-tdoa2,mocap_ground_truth
WORKER_08,TAG_008,53,123.002384,15.333837916796597,-96.90803243637187,-0.2209999867528678,S105,0.7325,degraded,safe,full_tracking,3,26.75,nearest_center,0.24829342006665459,0.9,1.0,const3-trial7-tdoa3-manual4,mocap_ground_truth
WORKER_09,TAG_009,53,133.00268599999998,119.45022144787085,18.40957687010949,0.5480000666528939,S138,0.7883,degraded,safe,full_tracking,4,21.17,nearest_center,0.2884928071087921,0.9,1.0,const4-trial1-tdoa2-traj2,mocap_ground_truth
WORKER_10,TAG_010,53,143.003837,-6.334121469617049,140.33775794130798,0.4979999951273202,S102,0.7875,degraded,safe,full_tracking,14,21.25,nearest_center,0.41507627543975883,0.7,1.0,const4-trial3-tdoa2-traj2,mocap_ground_truth
WORKER_01,TAG_001,54,54.000132,-101.085534262555,110.4984028942414,0.4730000189691781,S081,0.7895,degraded,safe,full_tracking,7,21.05,nearest_center,0.21424587234068915,0.9,1.0,const4-trial3-tdoa2-traj1,mocap_ground_truth
WORKER_02,TAG_002,54,64.00140999999999,104.76007169961818,-12.990602072892889,0.17000004567205895,S137,0.8501,good,safe,full_tracking,13,14.99,nearest_center,0.7733950150897806,1.0,1.0,const4-trial1-tdoa3-traj3,mocap_ground_truth
WORKER_03,TAG_003,54,74.00321399999999,98.79220725721002,37.50676169233021,0.545000045672059,S138,0.7415,degraded,safe,full_tracking,4,25.85,nearest_center,0.24341848196287555,0.75,1.0,const1-trial5-tdoa2,mocap_ground_truth
WORKER_04,TAG_004,54,84.002618,-151.95015779123915,-28.41524945805044,0.479000060930848,S041,0.7561,degraded,safe,full_tracking,8,24.39,bounds_contains,0.38,0.4,1.0,const2-trial1-tdoa2,mocap_ground_truth
WORKER_05,TAG_005,54,94.003225,-146.44134889939227,58.07296094212577,0.945000021830201,S045,0.7876,degraded,safe,full_tracking,3,21.24,nearest_center,0.3429911533595459,1.0,1.0,const2-trial3-tdoa2,mocap_ground_truth
WORKER_06,TAG_006,54,104.001893,-73.54152263834631,119.2206772550773,0.6060000351816415,S062,0.8059,good,safe,full_tracking,6,19.41,nearest_center,0.20716036633270396,0.9,1.0,const2-trial4-tdoa3,mocap_ground_truth
WORKER_07,TAG_007,54,114.00170399999999,46.64220191893371,-47.51243701652331,0.323000042811036,S123,0.7644,degraded,safe,full_tracking,3,23.56,nearest_center,0.21917985876347248,0.9,1.0,const2-trial6-tdoa2,mocap_ground_truth
WORKER_08,TAG_008,54,124.002384,17.996427421854786,-111.78180659385076,-0.2209999867528678,S104,0.7541,degraded,safe,full_tracking,5,24.59,nearest_center,0.26437299949232407,0.4,1.0,const3-trial7-tdoa3-manual4,mocap_ground_truth
WORKER_09,TAG_009,54,134.00268599999998,99.71034024834974,79.19003615585213,0.7219999722391366,S138,0.3,poor,tracking_lost,no_tracking,0,70.0,continuity_fallback,0.2,0.4,1.0,const4-trial1-tdoa2-traj2,mocap_ground_truth
WORKER_10,TAG_010,54,144.003837,-68.85904000553032,130.33009082587134,0.2800000599771737,S082,0.7651,degraded,safe,full_tracking,14,23.49,nearest_center,0.3540405044104464,0.7,1.0,const4-trial3-tdoa2-traj2,mocap_ground_truth
WORKER_01,TAG_001,55,55.000132,-142.58519252560717,62.663631370328645,0.4740000656992196,S045,0.7496,degraded,safe,full_tracking,3,25.04,nearest_center,0.2551590198690484,0.75,1.0,const4-trial3-tdoa2-traj1,mocap_ground_truth
WORKER_02,TAG_002,55,65.00140999999999,84.19387518607478,14.094347160124167,0.33900007523596276,S132,0.782,degraded,safe,full_tracking,11,21.8,nearest_center,0.4695242453526746,0.7,1.0,const4-trial1-tdoa3-traj3,mocap_ground_truth
WORKER_03,TAG_003,55,75.00321399999999,94.01790694727661,8.401917279366234,0.4960000208765267,S132,0.8322,good,safe,full_tracking,10,16.78,nearest_center,0.5468631946430483,0.9,1.0,const1-trial5-tdoa2,mocap_ground_truth
WORKER_04,TAG_004,55,85.002618,-133.4956584013102,-73.31199486306569,0.47499999321997155,S040,0.7707,degraded,safe,full_tracking,7,22.93,nearest_center,0.25327350863482073,0.9,1.0,const2-trial1-tdoa2,mocap_ground_truth
WORKER_05,TAG_005,55,95.003225,-153.69460609640117,28.14179642669822,0.9920000723749398,S044,0.7964,degraded,safe,full_tracking,5,20.36,nearest_center,0.3124773629040526,0.9,1.0,const2-trial3-tdoa2,mocap_ground_truth
WORKER_06,TAG_006,55,105.001893,-43.97760967762336,128.86108460705293,0.5400000504404305,S081,0.7709,degraded,safe,full_tracking,10,22.91,nearest_center,0.2199267945699422,0.7,1.0,const2-trial4-tdoa3,mocap_ground_truth
WORKER_07,TAG_007,55,115.00170399999999,7.805140001570116,8.12647724521171,0.4600000075250863,S097,0.7489,degraded,safe,full_tracking,10,25.11,nearest_center,0.24783964688580024,0.75,1.0,const2-trial6-tdoa2,mocap_ground_truth
WORKER_08,TAG_008,55,125.002384,8.998713710927394,-124.54386173769798,-0.1089999981969596,S104,0.7935,degraded,safe,full_tracking,4,20.65,nearest_center,0.3253151337021437,1.0,1.0,const3-trial7-tdoa3-manual4,mocap_ground_truth
WORKER_09,TAG_009,55,135.00268599999998,54.62996769785613,118.76161075950745,0.701000063791871,S121,0.3,poor,tracking_lost,no_tracking,0,70.0,nearest_center,0.13133376145377376,0.75,1.0,const4-trial1-tdoa2-traj2,mocap_ground_truth
WORKER_10,TAG_010,55,145.003837,-119.90727699843208,91.95209677220365,0.2110000542551278,S063,0.7271,degraded,safe,full_tracking,4,27.29,nearest_center,0.16986209088639004,0.7,1.0,const4-trial3-tdoa2-traj2,mocap_ground_truth
WORKER_01,TAG_001,56,56.000132,-156.9998892425076,2.6176740823927522,0.4730000189691781,S044,0.7791,degraded,safe,full_tracking,7,22.09,nearest_center,0.24721248065475762,0.9,1.0,const4-trial3-tdoa2-traj1,mocap_ground_truth
WORKER_02,TAG_002,56,66.00140999999999,51.78375104731957,63.8572009753077,0.5209999970346688,S109,0.736,degraded,safe,full_tracking,4,26.4,nearest_center,0.14088314763668672,0.75,1.0,const4-trial1-tdoa3-traj3,mocap_ground_truth
WORKER_03,TAG_003,56,76.00321399999999,70.33005716935732,-14.092362209510979,0.40099999226629723,S125,0.7716,degraded,safe,full_tracking,15,22.84,nearest_center,0.383392997154585,0.7,1.0,const1-trial5-tdoa2,mocap_ground_truth
WORKER_04,TAG_004,56,86.002618,-100.53465556237202,-108.8437722661968,0.4719999722391366,S060,0.7645,degraded,safe,full_tracking,9,23.55,bounds_contains,0.38,0.4,1.0,const2-trial1-tdoa2,mocap_ground_truth
WORKER_05,TAG_005,56,96.003225,-152.04196452334796,-17.39764398749132,1.0029999903589486,S042,0.7733,degraded,safe,full_tracking,7,22.67,nearest_center,0.3203261717199521,0.7,1.0,const2-trial3-tdoa2,mocap_ground_truth
WORKER_06,TAG_006,56,106.001893,-12.210178153821836,135.56345763137458,0.3849999598413705,S102,0.7444,degraded,safe,full_tracking,15,25.56,nearest_center,0.31370263149989547,0.4,1.0,const2-trial4-tdoa3,mocap_ground_truth
WORKER_07,TAG_007,56,116.00170399999999,-35.3471516257788,62.20455940225449,0.5090000323206185,S090,0.7337,degraded,safe,full_tracking,14,26.63,nearest_center,0.32296974661334965,0.4,1.0,const2-trial6-tdoa2,mocap_ground_truth
WORKER_08,TAG_008,56,126.002384,-4.865107042042213,-136.6632369217577,-0.020999939069151985,S104,0.6685,degraded,safe,degraded_tracking,2,33.15,nearest_center,0.2854926001965466,1.0,1.0,const3-trial7-tdoa3-manual4,mocap_ground_truth
WORKER_09,TAG_009,56,136.00268599999998,-5.140547076196736,141.0722665232215,0.5029999903589486,S102,0.7357,degraded,safe,full_tracking,14,26.43,nearest_center,0.2120058768507982,0.4,1.0,const4-trial1-tdoa2-traj2,mocap_ground_truth
WORKER_10,TAG_010,56,146.003837,-153.1437219237139,37.04769519676035,0.34499999798834313,S044,0.747,degraded,safe,full_tracking,6,25.3,nearest_center,0.25175384314400856,0.75,1.0,const4-trial3-tdoa2-traj2,mocap_ground_truth
WORKER_01,TAG_001,57,57.000132,-145.52321590825255,-57.33646877772515,0.47499999321997155,S056,0.7418,degraded,safe,full_tracking,11,25.82,nearest_center,0.26619565580956256,0.4,1.0,const4-trial3-tdoa2-traj1,mocap_ground_truth
WORKER_02,TAG_002,57,67.00140999999999,13.86482348922176,110.13115407578896,0.6969999960809945,S110,0.7948,degraded,safe,full_tracking,10,20.52,nearest_center,0.4946209366407992,0.9,1.0,const4-trial1-tdoa3-traj3,mocap_ground_truth
WORKER_03,TAG_003,57,77.00321399999999,32.41112961125951,-25.38540839828766,0.2729999712854623,S125,0.7955,degraded,safe,full_tracking,8,20.45,nearest_center,0.26861317354962755,1.0,1.0,const1-trial5-tdoa2,mocap_ground_truth
WORKER_04,TAG_004,57,87.002618,-57.657803285114596,-130.3281127158885,0.46699997700750817,S072,0.7294,degraded,safe,full_tracking,6,27.06,nearest_center,0.24343647847989308,0.7,1.0,const2-trial1-tdoa2,mocap_ground_truth
WORKER_05,TAG_005,57,97.003225,-147.08403980418834,-63.94702959743369,0.979000060930848,S056,0.7469,degraded,safe,full_tracking,12,25.31,nearest_center,0.3180559376567512,0.4,1.0,const2-trial3-tdoa2,mocap_ground_truth
WORKER_06,TAG_006,57,107.001893,19.832693404134215,139.32780727305087,0.17800006188452233,S102,0.7735,degraded,safe,full_tracking,7,22.65,nearest_center,0.2677992613787701,1.0,1.0,const2-trial4-tdoa3,mocap_ground_truth
WORKER_07,TAG_007,57,117.00170399999999,-72.99063846565905,107.65218624370483,0.4589999607950448,S080,0.7635,degraded,safe,full_tracking,9,23.65,nearest_center,0.2275461277990501,0.7,1.0,const2-trial6-tdoa2,mocap_ground_truth
WORKER_08,TAG_008,57,127.002384,-8.170388820022556,-142.63110136416586,0.2800000599771737,S095,0.5404,poor,safe,weak_tracking,1,45.96,nearest_center,0.25543574886825765,0.9,1.0,const3-trial7-tdoa3-manual4,mocap_ground_truth
WORKER_09,TAG_009,57,137.00268599999998,-66.47188985056361,129.4119578347316,0.28200003422796716,S082,0.765,degraded,safe,full_tracking,14,23.5,nearest_center,0.36301088778689183,0.7,1.0,const4-trial1-tdoa2-traj2,mocap_ground_truth
WORKER_10,TAG_010,57,147.003837,-153.78642377351858,-23.090073184186217,0.576000063791871,S042,0.8355,good,safe,full_tracking,6,16.45,bounds_contains,0.6649999999999999,0.7,1.0,const4-trial3-tdoa2-traj2,mocap_ground_truth
WORKER_01,TAG_001,58,58.000132,-104.94169610884438,-107.28294837026098,0.4740000656992196,S060,0.7612,degraded,safe,full_tracking,9,23.88,bounds_contains,0.38,0.4,1.0,const4-trial3-tdoa2-traj1,mocap_ground_truth
WORKER_02,TAG_002,58,68.00140999999999,-27.451200787721646,135.10439113580472,0.8469999722391366,S093,0.7357,degraded,safe,full_tracking,15,26.43,nearest_center,0.28456417261854017,0.4,1.0,const4-trial1-tdoa3-traj3,mocap_ground_truth
WORKER_03,TAG_003,58,78.00321399999999,-12.852871794870069,-25.93628983472278,0.1529999665170907,S087,0.505,poor,safe,weak_tracking,1,49.5,nearest_center,0.20096833167689207,0.75,1.0,const1-trial5-tdoa2,mocap_ground_truth
WORKER_04,TAG_004,58,88.002618,-7.894948785868034,-135.37784416715692,0.4730000189691781,S095,0.6365,degraded,safe,degraded_tracking,2,36.35,nearest_center,0.22964594528619553,0.7,1.0,const2-trial1-tdoa2,mocap_ground_truth
WORKER_05,TAG_005,58,98.003225,-133.77110048765385,-95.43902621755349,0.914000003710389,S056,0.8058,good,safe,full_tracking,7,19.42,nearest_center,0.2539484029309545,1.0,1.0,const2-trial3-tdoa2,mocap_ground_truth
WORKER_06,TAG_006,58,108.001893,48.75390998755678,138.868740777481,-0.025999934300780403,S111,0.3,poor,tracking_lost,no_tracking,0,70.0,nearest_center,0.1743644939904149,0.9,1.0,const2-trial4-tdoa3,mocap_ground_truth
WORKER_07,TAG_007,58,118.00170399999999,-108.70604575052066,134.0944404675476,0.3310000590234994,S063,0.7331,degraded,safe,full_tracking,11,26.69,nearest_center,0.24232445101632144,0.4,1.0,const2-trial6-tdoa2,mocap_ground_truth
WORKER_08,TAG_008,58,128.002384,3.306284514232498,-130.87898594356716,0.46400007523596276,S095,0.7015,degraded,safe,degraded_tracking,2,29.85,nearest_center,0.3224338152282143,1.0,1.0,const3-trial7-tdoa3-manual4,mocap_ground_truth
WORKER_09,TAG_009,58,138.00268599999998,-118.43827077961369,93.78836822698739,0.2100000075250863,S063,0.7213,degraded,safe,full_tracking,6,27.87,nearest_center,0.17889966058500179,0.7,1.0,const4-trial1-tdoa2-traj2,mocap_ground_truth
WORKER_10,TAG_010,58,148.003837,-129.6395020275251,-80.38162765084839,0.7310000351816415,S060,0.7354,degraded,safe,full_tracking,7,26.46,nearest_center,0.19421942471230608,0.75,1.0,const4-trial3-tdoa2-traj2,mocap_ground_truth
WORKER_01,TAG_001,59,59.000132,-47.46651723295601,-134.64333558524345,0.47100004471838464,S072,0.7305,degraded,safe,full_tracking,3,26.95,nearest_center,0.20839924642815913,0.7,1.0,const4-trial3-tdoa2-traj1,mocap_ground_truth
WORKER_02,TAG_002,59,69.00140999999999,-68.30815583284306,128.67744925281812,0.9560000590234994,S082,0.7913,degraded,safe,full_tracking,14,20.87,nearest_center,0.4212288587150822,0.9,1.0,const4-trial1-tdoa3-traj3,mocap_ground_truth
WORKER_03,TAG_003,59,79.00321399999999,-59.31044485816781,-12.347908431844656,0.073000042811036,S076,0.7886,degraded,safe,full_tracking,6,21.14,nearest_center,0.5385299780301628,0.7,1.0,const1-trial5-tdoa2,mocap_ground_truth
WORKER_04,TAG_004,59,89.002618,39.75619901288154,-124.54386173769798,0.46699997700750817,S104,0.7851,degraded,safe,full_tracking,7,21.49,nearest_center,0.2579496361774067,0.9,1.0,const2-trial1-tdoa2,mocap_ground_truth
WORKER_05,TAG_005,59,99.003225,-114.30666137447638,-101.40689065996165,0.8250000170618295,S060,0.7564,degraded,safe,full_tracking,8,24.36,bounds_contains,0.38,0.4,1.0,const2-trial3-tdoa2,mocap_ground_truth
WORKER_06,TAG_006,59,109.001893,75.37979409313006,133.81899838120395,-0.1739999958127738,S111,0.3,poor,tracking_lost,no_tracking,0,70.0,continuity_fallback,0.2,0.4,1.0,const2-trial4-tdoa3,mocap_ground_truth
WORKER_07,TAG_007,59,119.00170399999999,-136.25006831973795,138.9605584545984,0.14400002278387536,S059,0.7969,degraded,safe,full_tracking,10,20.31,nearest_center,0.44257952152321856,0.9,1.0,const2-trial6-tdoa2,mocap_ground_truth
WORKER_08,TAG_008,59,129.002384,29.932167251679697,-108.01745695217448,0.539000003710389,S113,0.7804,degraded,safe,full_tracking,9,21.96,nearest_center,0.3767587894984527,0.7,1.0,const3-trial7-tdoa3-manual4,mocap_ground_truth
WORKER_09,TAG_009,59,139.00268599999998,-151.03201385509084,38.97577611990504,0.3400000027567147,S044,0.7329,degraded,safe,full_tracking,6,26.71,nearest_center,0.23940327780017706,0.75,1.0,const4-trial1-tdoa2-traj2,mocap_ground_truth
WORKER_10,TAG_010,59,149.003837,-82.0801671174517,-121.78946276427882,0.6850000313669442,S065,0.8761,good,safe,full_tracking,8,12.39,bounds_contains,0.855,0.9,1.0,const4-trial3-tdoa2-traj2,mocap_ground_truth
WORKER_01,TAG_001,60,60.000132,15.333837916796597,-135.1024020808133,0.47100004471838464,S095,0.7262,degraded,safe,full_tracking,3,27.38,nearest_center,0.1751423456561611,0.7,1.0,const4-trial3-tdoa2-traj1,mocap_ground_truth
WORKER_02,TAG_002,60,70.00140999999999,-103.19724233117806,94.52287133639658,1.0069999388605355,S066,0.756,degraded,safe,full_tracking,4,24.4,nearest_center,0.2301495134916023,0.7,1.0,const4-trial1-tdoa3-traj3,mocap_ground_truth
WORKER_03,TAG_003,60,80.00321399999999,-99.06564387104935,7.2083435700089575,0.04399999894201745,S077,0.3,poor,tracking_lost,no_tracking,0,70.0,nearest_center,0.21083730704227657,0.9,1.0,const1-trial5-tdoa2,mocap_ground_truth
WORKER_04,TAG_004,60,90.002618,80.5213432215159,-97.36709893194174,0.47499999321997155,S122,0.7735,degraded,safe,full_tracking,10,22.65,nearest_center,0.2292060935740978,0.7,1.0,const2-trial1-tdoa2,mocap_ground_truth
WORKER_05,TAG_005,60,100.003225,-88.96617002350386,-78.1781073776122,0.7060000590234994,S065,0.6328,degraded,safe,degraded_tracking,2,36.72,nearest_center,0.22820260039331697,0.9,1.0,const2-trial3-tdoa2,mocap_ground_truth
WORKER_06,TAG_006,60,110.001893,97.1395656841568,126.65755886131245,-0.2369999595731498,S111,0.3,poor,tracking_lost,no_tracking,0,70.0,continuity_fallback,0.2,0.4,1.0,const2-trial4-tdoa3,mocap_ground_truth
WORKER_07,TAG_007,60,120.00170399999999,-152.3174066096916,121.05694323735673,-0.051999957188964,S047,0.7953,degraded,safe,full_tracking,8,20.47,nearest_center,0.21773980617845423,0.7,1.0,const2-trial6-tdoa2,mocap_ground_truth
WORKER_08,TAG_008,60,130.002384,72.6253896472066,-113.52625489901278,0.47100004471838464,S122,0.807,good,safe,full_tracking,9,19.3,nearest_center,0.41864538619854336,0.9,1.0,const3-trial7-tdoa3-manual4,mocap_ground_truth
WORKER_09,TAG_009,60,140.00268599999998,-154.15367259197103,-22.263752397659616,0.5750000170618295,S042,0.8346,good,safe,full_tracking,6,16.54,bounds_contains,0.6649999999999999,0.7,1.0,const4-trial1-tdoa2-traj2,mocap_ground_truth
WORKER_10,TAG_010,60,150.003837,-20.93245012043711,-141.4375262866825,0.47499999321997155,S085,0.6043,degraded,safe,degraded_tracking,2,39.57,nearest_center,0.18366800925076224,0.7,1.0,const4-trial3-tdoa2-traj2,mocap_ground_truth
WORKER_01,TAG_001,61,61.000132,72.07451094702364,-106.5484397883475,0.4730000189691781,S113,0.776,degraded,safe,full_tracking,8,22.4,nearest_center,0.17853697324902343,0.7,1.0,const4-trial3-tdoa2-traj1,mocap_ground_truth
WORKER_02,TAG_002,61,71.00140999999999,-129.2722422640641,47.51442059901043,0.9969999483972787,S044,0.3,poor,tracking_lost,no_tracking,0,70.0,nearest_center,0.1305400937182715,0.75,1.0,const4-trial1-tdoa3-traj3,mocap_ground_truth
WORKER_03,TAG_003,61,81.00321399999999,-125.04882612681793,32.916091264127324,0.08699998177587975,S043,0.3,poor,tracking_lost,no_tracking,0,70.0,nearest_center,0.12859996330990675,0.75,1.0,const1-trial5-tdoa2,mocap_ground_truth
WORKER_04,TAG_004,61,91.002618,109.53437200955159,-57.52009318695138,0.4740000656992196,S135,0.7353,degraded,safe,full_tracking,10,26.47,nearest_center,0.2705964730869498,0.4,1.0,const2-trial1-tdoa2,mocap_ground_truth
WORKER_05,TAG_005,61,101.003225,-60.32039279017279,-33.18954703173169,0.5710000685602425,S075,0.7264,degraded,safe,full_tracking,9,27.36,nearest_center,0.28551391041591717,0.4,1.0,const2-trial3-tdoa2,mocap_ground_truth
WORKER_06,TAG_006,61,111.001893,112.1051465737445,117.38441127279786,-0.19099995575845252,S111,0.3,poor,tracking_lost,no_tracking,0,70.0,continuity_fallback,0.2,0.4,1.0,const2-trial4-tdoa3,mocap_ground_truth
WORKER_07,TAG_007,61,121.00170399999999,-154.24549026908844,84.88246945692525,-0.207999975308776,S046,0.7809,degraded,safe,full_tracking,10,21.91,nearest_center,0.3394400285758226,0.9,1.0,const2-trial6-tdoa2,mocap_ground_truth
WORKER_08,TAG_008,61,131.002384,108.0653548457246,-121.42221394582639,0.4270000151544808,S127,0.7776,degraded,safe,full_tracking,7,22.24,nearest_center,0.2961416988289634,0.9,1.0,const3-trial7-tdoa3-manual4,mocap_ground_truth
WORKER_09,TAG_009,61,141.00268599999998,-130.64944175077366,-79.738931273548,0.7299999884516,S060,0.7401,degraded,safe,full_tracking,6,25.99,nearest_center,0.1892352728989344,0.75,1.0,const4-trial1-tdoa2-traj2,mocap_ground_truth
WORKER_10,TAG_010,61,151.003837,41.77609487689149,-125.92107216941615,0.26500007428228844,S104,0.7536,degraded,safe,full_tracking,7,24.64,nearest_center,0.19004051873161878,0.7,1.0,const4-trial3-tdoa2-traj2,mocap_ground_truth
WORKER_01,TAG_001,62,62.000132,110.08525618223885,-56.601960195811664,0.47100004471838464,S135,0.7319,degraded,safe,full_tracking,10,26.81,nearest_center,0.2562796907644111,0.4,1.0,const4-trial3-tdoa2-traj1,mocap_ground_truth
WORKER_02,TAG_002,62,72.00140999999999,-147.6349239768756,10.789065382143823,0.9270000151544808,S043,0.7534,degraded,safe,full_tracking,7,24.66,nearest_center,0.30624096709473575,0.9,1.0,const4-trial1-tdoa3-traj3,mocap_ground_truth
WORKER_03,TAG_003,62,82.00321399999999,-132.7611498193967,55.50218637793284,0.18300005711615075,S045,0.4961,poor,safe,weak_tracking,1,50.39,nearest_center,0.18557432139092198,0.7,1.0,const1-trial5-tdoa2,mocap_ground_truth
WORKER_04,TAG_004,62,92.002618,123.58181990799956,-10.052573217743216,0.4719999722391366,S136,0.7615,degraded,safe,full_tracking,7,23.85,nearest_center,0.24335543793210504,0.9,1.0,const2-trial1-tdoa2,mocap_ground_truth
WORKER_05,TAG_005,62,102.003225,-28.644774497078927,28.14179642669822,0.4350000313669442,S099,0.8001,good,safe,full_tracking,6,19.99,nearest_center,0.17506285477921238,0.75,1.0,const2-trial3-tdoa2,mocap_ground_truth
WORKER_06,TAG_006,62,112.001893,120.64379652535418,104.53053845183324,-0.04800000868737708,S111,0.3,poor,tracking_lost,no_tracking,0,70.0,continuity_fallback,0.2,0.4,1.0,const2-trial4-tdoa3,mocap_ground_truth
WORKER_07,TAG_007,62,122.00170399999999,-145.70684031747876,34.935987128137285,-0.2809999891370536,S044,0.7206,degraded,safe,full_tracking,4,27.94,nearest_center,0.205781268971121,0.7,1.0,const2-trial6-tdoa2,mocap_ground_truth
WORKER_08,TAG_008,62,132.002384,122.93912900320349,-157.3212401674099,0.3490000656992196,S133,0.3,poor,tracking_lost,no_tracking,0,70.0,nearest_center,0.1592141450174052,0.9,1.0,const3-trial7-tdoa3-manual4,mocap_ground_truth
WORKER_09,TAG_009,62,142.00268599999998,-82.90648790397829,-121.23858953660016,0.6900000265985726,S065,0.878,good,safe,full_tracking,8,12.2,bounds_contains,0.855,0.9,1.0,const4-trial1-tdoa2-traj2,mocap_ground_truth
WORKER_10,TAG_010,62,152.003837,91.72257446942733,-88.4612056343839,0.21300002850592126,S128,0.731,degraded,safe,full_tracking,15,26.9,nearest_center,0.28134557337187993,0.4,1.0,const4-trial3-tdoa2-traj2,mocap_ground_truth
WORKER_01,TAG_001,63,63.000132,123.30637782165591,5.188449074125076,0.4719999722391366,S137,0.758,degraded,safe,full_tracking,5,24.2,nearest_center,0.21673256143255548,0.7,1.0,const4-trial3-tdoa2-traj1,mocap_ground_truth
WORKER_02,TAG_002,63,73.00140999999999,-156.54082274693775,-0.1367275417706666,0.8030000618845223,S042,0.8371,good,safe,full_tracking,7,16.29,bounds_contains,0.855,0.9,1.0,const4-trial1-tdoa3-traj3,mocap_ground_truth
WORKER_03,TAG_003,63,83.00321399999999,-122.01898506705516,67.52973841237086,0.2970000199228524,S045,0.3,poor,tracking_lost,no_tracking,0,70.0,nearest_center,0.2261154989832982,1.0,1.0,const1-trial5-tdoa2,mocap_ground_truth
WORKER_04,TAG_004,63,93.002618,118.07302196116127,38.6085218289483,0.47600003995001305,S138,0.6338,degraded,safe,degraded_tracking,2,36.62,nearest_center,0.21737984766191892,0.7,1.0,const2-trial1-tdoa2,mocap_ground_truth
WORKER_05,TAG_005,63,103.003225,3.2144709414933104,86.44329882536535,0.2959999731928109,S109,0.7674,degraded,safe,full_tracking,15,23.26,nearest_center,0.35948412738555263,0.7,1.0,const2-trial3-tdoa2,mocap_ground_truth
WORKER_06,TAG_006,63,113.001893,122.66368691685985,89.10588559417138,0.14000007428228844,S111,0.3,poor,tracking_lost,no_tracking,0,70.0,continuity_fallback,0.2,0.4,1.0,const2-trial4-tdoa3,mocap_ground_truth
WORKER_07,TAG_007,63,123.00170399999999,-126.70146769987115,-20.060232124423436,-0.25700000010430823,S042,0.6148,degraded,safe,degraded_tracking,2,38.52,nearest_center,0.1756996922522093,0.7,1.0,const2-trial6-tdoa2,mocap_ground_truth
WORKER_08,TAG_008,63,133.002384,123.39819549877335,-176.32661278501752,0.21500000275671471,S133,0.3,poor,tracking_lost,no_tracking,0,70.0,continuity_fallback,0.2,0.4,1.0,const3-trial7-tdoa3-manual4,mocap_ground_truth
WORKER_09,TAG_009,63,143.00268599999998,-22.217837402533572,-139.1421938088332,0.47999998845159997,S085,0.618,degraded,safe,degraded_tracking,2,38.2,nearest_center,0.19513348163601532,0.7,1.0,const4-trial1-tdoa2-traj2,mocap_ground_truth
WORKER_10,TAG_010,63,153.003837,117.43032011135658,-29.425197390055423,0.36400005139410485,S130,0.7415,degraded,safe,full_tracking,9,25.85,nearest_center,0.19592002441128079,0.7,1.0,const4-trial3-tdoa2-traj2,mocap_ground_truth
WORKER_01,TAG_001,64,64.000132,106.04546445421894,65.41803034374779,0.4730000189691781,S138,0.3,poor,tracking_lost,no_tracking,0,70.0,nearest_center,0.14380945996968011,0.9,1.0,const4-trial3-tdoa2-traj1,mocap_ground_truth
WORKER_02,TAG_002,64,74.00140999999999,-149.74663204549867,18.593204015587865,0.6440000227838754,S043,0.7683,degraded,safe,full_tracking,6,23.17,nearest_center,0.3126760822399056,0.9,1.0,const4-trial1-tdoa3-traj3,mocap_ground_truth
WORKER_03,TAG_003,64,84.00321399999999,-95.20948202475995,68.99875010369354,0.4159999779611825,S079,0.3,poor,tracking_lost,no_tracking,0,70.0,nearest_center,0.19056038970130895,0.75,1.0,const1-trial5-tdoa2,mocap_ground_truth
WORKER_04,TAG_004,64,94.002618,97.41500777050045,82.03625280638869,0.476999967470765,S138,0.3,poor,tracking_lost,no_tracking,0,70.0,continuity_fallback,0.2,0.4,1.0,const2-trial1-tdoa2,mocap_ground_truth
WORKER_05,TAG_005,64,104.003225,33.60469921623856,131.24822381701105,0.1709999731928109,S110,0.7267,degraded,safe,full_tracking,3,27.33,nearest_center,0.2376837742952024,0.9,1.0,const2-trial3-tdoa2,mocap_ground_truth
WORKER_06,TAG_006,64,114.00189300000001,117.43032011135658,71.753154549617,0.3400000027567147,S138,0.3,poor,tracking_lost,no_tracking,0,70.0,nearest_center,0.1,0.75,1.0,const2-trial4-tdoa3,mocap_ground_truth
WORKER_07,TAG_007,64,124.001704,-96.12761501589966,-72.66930395826961,-0.15099999390542518,S073,0.3,poor,tracking_lost,no_tracking,0,70.0,nearest_center,0.18435388460324564,0.75,1.0,const2-trial6-tdoa2,mocap_ground_truth
WORKER_08,TAG_008,64,134.002384,153.05391519160509,-148.41535234235639,0.0980000189691781,S139,0.3,poor,tracking_lost,no_tracking,0,70.0,nearest_center,0.21265942588147488,0.9,1.0,const3-trial7-tdoa3-manual4,mocap_ground_truth
WORKER_09,TAG_009,64,144.00268599999998,39.205320312698575,-127.02282956978208,0.2670000485330819,S104,0.7482,degraded,safe,full_tracking,7,25.18,nearest_center,0.19779173911000897,0.7,1.0,const4-trial1-tdoa2-traj2,mocap_ground_truth
WORKER_10,TAG_010,64,154.003837,118.89933727518356,32.82427905951421,0.5960000447183846,S132,0.6533,degraded,safe,degraded_tracking,2,34.67,nearest_center,0.16231051915525008,0.7,1.0,const4-trial3-tdoa2-traj2,mocap_ground_truth
WORKER_01,TAG_001,65,65.000132,66.29026544133741,112.15104446729461,0.4740000656992196,S121,0.3,poor,tracking_lost,no_tracking,0,70.0,nearest_center,0.11917399822782228,0.75,1.0,const4-trial3-tdoa2-traj1,mocap_ground_truth
WORKER_02,TAG_002,65,75.00140999999999,-129.4558776182989,56.69576145541619,0.4650000027567147,S045,0.3,poor,tracking_lost,no_tracking,0,70.0,nearest_center,0.175621089652833,0.7,1.0,const4-trial1-tdoa3-traj3,mocap_ground_truth
WORKER_03,TAG_003,65,85.00321399999999,-56.37241600301813,57.063010273868635,0.4949999741464852,S079,0.8341,good,safe,full_tracking,11,16.59,nearest_center,0.5947958512625339,1.0,1.0,const1-trial5-tdoa2,mocap_ground_truth
WORKER_04,TAG_004,65,95.002618,63.26042438157462,115.63995202262726,0.47600003995001305,S121,0.3,poor,tracking_lost,no_tracking,0,70.0,nearest_center,0.11789604591031903,0.75,1.0,const2-trial1-tdoa2,mocap_ground_truth
WORKER_05,TAG_005,65,105.003225,62.525921272165434,148.78459021580025,0.06500002659857262,S111,0.3,poor,tracking_lost,no_tracking,0,70.0,nearest_center,0.1,0.9,1.0,const2-trial3-tdoa2,mocap_ground_truth
WORKER_06,TAG_006,65,115.00189300000001,103.38287221290861,51.003328154343066,0.49400004662573327,S138,0.3,poor,tracking_lost,no_tracking,0,70.0,nearest_center,0.24853039962846057,1.0,1.0,const2-trial4-tdoa3,mocap_ground_truth
WORKER_07,TAG_007,65,125.001704,-57.29055173041,-113.43444816690396,0.029000013247132195,S072,0.8266,good,safe,full_tracking,6,17.34,nearest_center,0.6008378640153845,0.9,1.0,const2-trial6-tdoa2,mocap_ground_truth
WORKER_08,TAG_008,65,135.002384,157.73639782442106,-116.28066481744052,0.03500005520880212,S140,0.8345,good,safe,full_tracking,3,16.55,nearest_center,0.5722691162669107,0.9,1.0,const3-trial7-tdoa3-manual4,mocap_ground_truth
WORKER_09,TAG_009,65,145.00268599999998,88.87635781889077,-88.3693934297708,0.21300002850592126,S128,0.7346,degraded,safe,full_tracking,15,26.54,nearest_center,0.3125934471862038,0.4,1.0,const4-trial1-tdoa2-traj2,mocap_ground_truth
WORKER_10,TAG_010,65,155.003837,94.93603993841633,86.53511102997847,0.7370000771433114,S132,0.3,poor,tracking_lost,no_tracking,0,70.0,continuity_fallback,0.2,0.4,1.0,const4-trial3-tdoa2-traj2,mocap_ground_truth
WORKER_01,TAG_001,66,66.000132,9.549595147362513,137.67516569999765,0.4740000656992196,S111,0.7342,degraded,safe,full_tracking,10,26.58,nearest_center,0.2658933563495744,0.4,1.0,const4-trial3-tdoa2-traj1,mocap_ground_truth
WORKER_02,TAG_002,66,76.00140999999999,-103.38087221290859,102.51063711531899,0.2909999779611825,S067,0.7687,degraded,safe,full_tracking,6,23.13,nearest_center,0.17179358482679594,0.75,1.0,const4-trial1-tdoa3-traj3,mocap_ground_truth
WORKER_03,TAG_003,66,86.00321399999999,-8.170388820022556,34.47691789631528,0.5250000647455453,S098,0.7254,degraded,safe,full_tracking,16,27.46,nearest_center,0.29251935719974864,0.4,1.0,const1-trial5-tdoa2,mocap_ground_truth
WORKER_04,TAG_004,66,96.002618,19.7408811995211,136.02252412694443,0.4690000704675912,S110,0.7392,degraded,safe,full_tracking,7,26.08,nearest_center,0.2119030280208063,0.7,1.0,const2-trial1-tdoa2,mocap_ground_truth
WORKER_05,TAG_005,66,106.003225,86.21377652258903,138.68511636825477,-0.011999995335936653,S111,0.3,poor,tracking_lost,no_tracking,0,70.0,continuity_fallback,0.2,0.4,1.0,const2-trial3-tdoa2,mocap_ground_truth
WORKER_06,TAG_006,66,116.00189300000001,84.01025077684855,29.79443526349928,0.5570000103861092,S132,0.7713,degraded,safe,full_tracking,6,22.87,nearest_center,0.313337553646146,0.9,1.0,const2-trial4-tdoa3,mocap_ground_truth
WORKER_07,TAG_007,66,126.001704,-16.158153743866173,-135.0105953487045,0.23400005616247643,S085,0.6583,degraded,safe,degraded_tracking,2,34.17,nearest_center,0.2495367806353862,0.9,1.0,const2-trial6-tdoa2,mocap_ground_truth
WORKER_08,TAG_008,66,136.002384,150.66676503663837,-79.64711906893488,-0.06999996386468421,S140,0.3,poor,tracking_lost,no_tracking,0,70.0,nearest_center,0.253368389348672,1.0,1.0,const3-trial7-tdoa3-manual4,mocap_ground_truth
WORKER_09,TAG_009,66,146.00268599999998,117.88938660692644,-32.455038449818204,0.3569999627023934,S130,0.7474,degraded,safe,full_tracking,8,25.26,nearest_center,0.19676585255784151,0.7,1.0,const4-trial1-tdoa2-traj2,mocap_ground_truth
WORKER_10,TAG_010,66,156.003837,45.724068927793994,126.10667468862518,0.670000045672059,S110,0.3,poor,tracking_lost,no_tracking,0,70.0,nearest_center,0.1579574517235102,0.75,1.0,const4-trial3-tdoa2-traj2,mocap_ground_truth
WORKER_01,TAG_001,67,67.000132,-53.98526858430358,133.72719164909515,0.47499999321997155,S093,0.7563,degraded,safe,full_tracking,14,24.37,nearest_center,0.23143138358643714,0.7,1.0,const4-trial3-tdoa2-traj1,mocap_ground_truth
WORKER_02,TAG_002,67,77.00140999999999,-70.97074807415339,128.21838275724826,0.1290000370889901,S082,0.7904,degraded,safe,full_tracking,12,20.96,nearest_center,0.33064133914400734,0.9,1.0,const4-trial1-tdoa3-traj3,mocap_ground_truth
WORKER_03,TAG_003,67,87.00321399999999,38.103557439828336,5.280262304832744,0.49299999989569177,S118,0.7383,degraded,safe,full_tracking,11,26.17,nearest_center,0.23091965768853528,0.4,1.0,const1-trial5-tdoa2,mocap_ground_truth
WORKER_04,TAG_004,67,97.002618,-29.19565456538797,140.06231585496437,0.4730000189691781,S093,0.731,degraded,safe,full_tracking,16,26.9,nearest_center,0.29852160600919436,0.4,1.0,const2-trial1-tdoa2,mocap_ground_truth
WORKER_05,TAG_005,67,107.003225,105.21913819518804,103.70421219280234,-0.051999957188964,S111,0.3,poor,tracking_lost,no_tracking,0,70.0,continuity_fallback,0.2,0.4,1.0,const2-trial3-tdoa2,mocap_ground_truth
WORKER_06,TAG_006,67,117.00189300000001,60.322395526424955,8.034663672472526,0.5190000227838754,S126,0.8264,good,safe,full_tracking,13,17.36,nearest_center,0.7049110397127802,0.9,1.0,const2-trial4-tdoa3,mocap_ground_truth
WORKER_07,TAG_007,67,127.001704,24.606990977815467,-133.81702027122114,0.4159999779611825,S104,0.7512,degraded,safe,full_tracking,3,24.88,nearest_center,0.22273251390926133,0.7,1.0,const2-trial6-tdoa2,mocap_ground_truth
WORKER_08,TAG_008,67,137.002384,119.35840377075344,-53.296677049705245,-0.055999965295195686,S130,0.7693,degraded,safe,full_tracking,5,23.07,nearest_center,0.1884714796890419,0.75,1.0,const3-trial7-tdoa3-manual4,mocap_ground_truth
WORKER_09,TAG_009,67,147.00268599999998,117.79757987481763,30.253504495321287,0.5910000494867562,S132,0.6694,degraded,safe,degraded_tracking,2,33.06,nearest_center,0.17261484389766904,0.7,1.0,const4-trial1-tdoa2-traj2,mocap_ground_truth
WORKER_10,TAG_010,67,157.003837,-17.076287590084686,139.97049817784693,0.45100006379187096,S102,0.7864,degraded,safe,full_tracking,16,21.36,nearest_center,0.48934973378689356,0.7,1.0,const4-trial3-tdoa2-traj2,mocap_ground_truth
WORKER_01,TAG_001,68,68.000132,-109.34873665531674,103.70421219280234,0.4730000189691781,S067,0.7666,degraded,safe,full_tracking,6,23.34,nearest_center,0.1527405302893523,0.7,1.0,const4-trial3-tdoa2-traj1,mocap_ground_truth
WORKER_02,TAG_002,68,78.00140999999999,-29.47109528360553,124.36222638346315,0.009999959841370476,S093,0.8015,good,safe,full_tracking,10,19.85,nearest_center,0.2730244579109818,0.9,1.0,const4-trial1-tdoa3-traj3,mocap_ground_truth
WORKER_03,TAG_003,68,88.00321399999999,74.82890992044278,-27.12986217595398,0.39400002278387536,S117,0.803,good,safe,full_tracking,6,19.7,nearest_center,0.21786537230818612,0.9,1.0,const1-trial5-tdoa2,mocap_ground_truth
WORKER_04,TAG_004,68,98.002618,-77.3976844846357,126.19849236574258,0.47499999321997155,S092,0.7947,degraded,safe,full_tracking,7,20.53,nearest_center,0.1832135998571869,0.9,1.0,const2-trial1-tdoa2,mocap_ground_truth
WORKER_05,TAG_005,68,108.003225,117.79757987481763,55.410368700815425,-0.0530000039190055,S138,0.3,poor,tracking_lost,no_tracking,0,70.0,nearest_center,0.15951117714405275,0.75,1.0,const2-trial3-tdoa2,mocap_ground_truth
WORKER_06,TAG_006,68,118.00189300000001,32.41112961125951,-14.000548636771791,0.3840000323206185,S117,0.7669,degraded,safe,full_tracking,9,23.31,nearest_center,0.36906034142738353,0.7,1.0,const2-trial4-tdoa3,mocap_ground_truth
WORKER_07,TAG_007,68,128.00170400000002,62.15866698120868,-109.48647411600146,0.5329999617487191,S122,0.7936,degraded,safe,full_tracking,13,20.64,nearest_center,0.5519949278273136,0.7,1.0,const2-trial6-tdoa2,mocap_ground_truth
WORKER_08,TAG_008,68,138.002384,80.06227672594605,-38.23928395550443,-0.02500000678002845,S130,0.8193,good,safe,full_tracking,13,18.07,nearest_center,0.5744411130690499,1.0,1.0,const3-trial7-tdoa3-manual4,mocap_ground_truth
WORKER_09,TAG_009,68,148.00268599999998,92.27345864211459,86.9023653209352,0.7330000094324349,S132,0.3,poor,tracking_lost,no_tracking,0,70.0,continuity_fallback,0.2,0.4,1.0,const4-trial1-tdoa2-traj2,mocap_ground_truth
WORKER_10,TAG_010,68,158.003837,-79.60120475787187,123.62771780154966,0.2490000418573617,S082,0.7728,degraded,safe,full_tracking,10,22.72,nearest_center,0.238114707579196,0.7,1.0,const4-trial3-tdoa2-traj2,mocap_ground_truth
WORKER_01,TAG_001,69,69.000132,-147.08403980418834,52.380527641052645,0.4740000656992196,S045,0.7419,degraded,safe,full_tracking,3,25.81,nearest_center,0.23859578885820684,0.75,1.0,const4-trial3-tdoa2-traj1,mocap_ground_truth
WORKER_02,TAG_002,69,79.00140999999999,9.182340856405766,90.57489728549407,-0.0530000039190055,S109,0.7349,degraded,safe,full_tracking,13,26.51,nearest_center,0.290024918309497,0.4,1.0,const4-trial1-tdoa3-traj3,mocap_ground_truth
WORKER_03,TAG_003,69,89.00321399999999,95.30329970187738,-49.624145085146374,0.2720000437647103,S124,0.7909,degraded,safe,full_tracking,6,20.91,nearest_center,0.17384700717281673,0.7,1.0,const1-trial5-tdoa2,mocap_ground_truth
WORKER_04,TAG_004,69,99.002618,-116.41836944309944,96.72639708213705,0.4740000656992196,S066,0.7272,degraded,safe,full_tracking,8,27.28,nearest_center,0.18929718156807795,0.7,1.0,const2-trial1-tdoa2,mocap_ground_truth
WORKER_05,TAG_005,69,109.003225,120.46016117111937,9.87093170694107,-0.023999960049986946,S137,0.7765,degraded,safe,full_tracking,6,22.35,nearest_center,0.26558077321924534,0.9,1.0,const2-trial3-tdoa2,mocap_ground_truth
WORKER_06,TAG_006,69,119.00189300000001,1.4700171638269914,-36.035760946016104,0.18899997986853112,S116,0.5313,poor,safe,weak_tracking,1,46.87,nearest_center,0.2166438258129446,0.9,1.0,const2-trial4-tdoa3,mocap_ground_truth
WORKER_07,TAG_007,69,129.00170400000002,93.1915916332543,-68.44588782102346,0.5610000780969857,S128,0.7714,degraded,safe,full_tracking,11,22.86,nearest_center,0.2439831263530344,0.7,1.0,const2-trial6-tdoa2,mocap_ground_truth
WORKER_08,TAG_008,69,139.002384,41.77609487689149,-33.832240672779925,-0.005000025853514778,S116,0.7941,degraded,safe,full_tracking,10,20.59,nearest_center,0.4758569713231268,0.7,1.0,const3-trial7-tdoa3-manual4,mocap_ground_truth
WORKER_09,TAG_009,69,149.00268599999998,43.795985268397146,125.55580146094651,0.6750000409036874,S110,0.3,poor,tracking_lost,no_tracking,0,70.0,nearest_center,0.16731666245942792,0.75,1.0,const4-trial1-tdoa2-traj2,mocap_ground_truth
WORKER_10,TAG_010,69,159.003837,-128.90499344561164,83.13801567925893,0.2219999722391366,S045,0.4983,poor,safe,weak_tracking,1,50.17,nearest_center,0.1957200857629839,0.75,1.0,const4-trial3-tdoa2-traj2,mocap_ground_truth
WORKER_01,TAG_001,70,70.000132,-157.36713806096003,-8.124492294598522,0.47600003995001305,S042,0.741,degraded,safe,full_tracking,8,25.9,bounds_contains,0.38,0.4,1.0,const4-trial3-tdoa2-traj1,mocap_ground_truth
WORKER_02,TAG_002,70,80.00140999999999,48.38665569660003,39.15940326538342,-0.056999952420592415,S120,0.7407,degraded,safe,full_tracking,7,25.93,nearest_center,0.20683434609359502,0.7,1.0,const4-trial1-tdoa3-traj3,mocap_ground_truth
WORKER_03,TAG_003,70,90.00321399999999,98.88402493432743,-64.40609609300355,0.1529999665170907,S130,0.7904,degraded,safe,full_tracking,10,20.96,nearest_center,0.2617348007249538,0.9,1.0,const1-trial5-tdoa2,mocap_ground_truth
WORKER_04,TAG_004,70,100.002618,-142.76881693483338,54.76767779601935,0.4740000656992196,S044,0.6398,degraded,safe,degraded_tracking,2,36.02,nearest_center,0.1681307609129503,0.75,1.0,const2-trial1-tdoa2,mocap_ground_truth
WORKER_05,TAG_005,70,110.003225,120.73560325746301,-19.417538483375203,0.04200002469122399,S136,0.7876,degraded,safe,full_tracking,6,21.24,nearest_center,0.2945783551017916,0.9,1.0,const2-trial3-tdoa2,mocap_ground_truth
WORKER_06,TAG_006,70,120.00189300000001,-30.021975351914573,-56.96921448676841,-0.02500000678002845,S086,0.7513,degraded,safe,full_tracking,8,24.87,nearest_center,0.22706760272601512,0.4,1.0,const2-trial4-tdoa3,mocap_ground_truth
WORKER_07,TAG_007,70,130.00170400000002,112.93147283277541,-14.643242277820024,0.4899999789148568,S137,0.7334,degraded,safe,full_tracking,10,26.66,nearest_center,0.25784745171934287,0.4,1.0,const2-trial6-tdoa2,mocap_ground_truth
WORKER_08,TAG_008,70,140.002384,3.6735374370631675,-39.157416946644155,0.04099997796118249,S116,0.7406,degraded,safe,full_tracking,3,25.94,nearest_center,0.2542304915535011,1.0,1.0,const3-trial7-tdoa3-manual4,mocap_ground_truth
WORKER_09,TAG_009,70,150.00268599999998,-15.423646658340573,141.0722665232215,0.4600000075250863,S102,0.7925,degraded,safe,full_tracking,15,20.75,nearest_center,0.5014631677381695,0.7,1.0,const4-trial1-tdoa2-traj2,mocap_ground_truth
WORKER_10,TAG_010,70,160.003837,-155.80631416502425,26.672781999123387,0.38799998082220544,S028,0.7516,degraded,safe,full_tracking,7,24.84,nearest_center,0.18593753747782232,0.7,1.0,const4-trial3-tdoa2-traj2,mocap_ground_truth
WORKER_01,TAG_001,71,71.000132,-138.9126496160397,-67.8950091208405,0.4730000189691781,S040,0.7543,degraded,safe,full_tracking,10,24.57,nearest_center,0.22652554323857393,0.7,1.0,const4-trial3-tdoa2-traj1,mocap_ground_truth
WORKER_02,TAG_002,71,81.00140999999999,81.80672503110807,-5.46190415766641,-0.000999958142638313,S137,0.7649,degraded,safe,full_tracking,13,23.51,nearest_center,0.23026611629323998,0.75,1.0,const4-trial1-tdoa3-traj3,mocap_ground_truth
WORKER_03,TAG_003,71,91.00321399999999,83.09211778570884,-64.95698026569083,0.05800005711615075,S129,0.8118,good,safe,full_tracking,13,18.82,nearest_center,0.624728950961293,0.9,1.0,const1-trial5-tdoa2,mocap_ground_truth
WORKER_04,TAG_004,71,101.002618,-154.33729700119727,8.310104390690086,0.4740000656992196,S044,0.782,degraded,safe,full_tracking,8,21.8,nearest_center,0.2928924110484799,1.0,1.0,const2-trial1-tdoa2,mocap_ground_truth
WORKER_05,TAG_005,71,111.003225,111.82970448740087,-23.640954620621336,0.14400002278387536,S137,0.8079,good,safe,full_tracking,9,19.21,nearest_center,0.42137697468014323,0.9,1.0,const2-trial3-tdoa2,mocap_ground_truth
WORKER_06,TAG_006,71,121.00189300000001,-60.87127422660791,-74.87282423150579,-0.19099995575845252,S086,0.7989,degraded,safe,full_tracking,7,20.11,nearest_center,0.2933955738662529,1.0,1.0,const2-trial4-tdoa3,mocap_ground_truth
WORKER_07,TAG_007,71,131.00170400000002,123.49000223088215,40.169348461136245,0.3410000494867562,S138,0.6339,degraded,safe,degraded_tracking,2,36.61,nearest_center,0.2568537753022816,0.9,1.0,const2-trial6-tdoa2,mocap_ground_truth
WORKER_08,TAG_008,71,141.002384,-18.637115248367188,-70.37396600791601,0.16899999894201745,S096,0.7235,degraded,safe,full_tracking,6,27.65,nearest_center,0.23212943904348193,0.4,1.0,const3-trial7-tdoa3-manual4,mocap_ground_truth
WORKER_09,TAG_009,71,151.00268599999998,-77.03043019367895,125.37217705172029,0.25600001133978356,S093,0.7951,degraded,safe,full_tracking,7,20.49,nearest_center,0.1615371787310606,0.9,1.0,const4-trial1-tdoa2-traj2,mocap_ground_truth
WORKER_10,TAG_010,71,161.003837,-150.48114062741217,-35.02581575026328,0.6190000466257333,S041,0.7537,degraded,safe,full_tracking,10,24.63,bounds_contains,0.38,0.4,1.0,const4-trial3-tdoa2-traj2,mocap_ground_truth
WORKER_01,TAG_001,72,72.000132,-95.39310643398618,-114.26076348092627,0.4730000189691781,S065,0.7529,degraded,safe,full_tracking,10,24.71,nearest_center,0.23695955981249062,0.4,1.0,const4-trial3-tdoa2-traj1,mocap_ground_truth
WORKER_02,TAG_002,72,82.00140999999999,104.39282288116573,-29.425197390055423,0.10999998368322839,S136,0.8142,good,safe,full_tracking,11,18.58,nearest_center,0.47487731567514374,0.9,1.0,const4-trial1-tdoa3-traj3,mocap_ground_truth
WORKER_03,TAG_003,72,92.00321399999999,50.865618056179855,-53.93937342700563,0.024000018015503777,S129,0.7792,degraded,safe,full_tracking,4,22.08,nearest_center,0.24192555716435488,1.0,1.0,const1-trial5-tdoa2,mocap_ground_truth
WORKER_04,TAG_004,72,102.002618,-149.1039411407026,-39.983737733170756,0.47499999321997155,S057,0.7501,degraded,safe,full_tracking,10,24.99,nearest_center,0.28704051635159045,0.4,1.0,const2-trial1-tdoa2,mocap_ground_truth
WORKER_05,TAG_005,72,112.003225,93.9261002151678,-1.4221148238671297,0.2620000533014535,S138,0.8155,good,safe,full_tracking,10,18.45,nearest_center,0.3071697125067044,0.9,1.0,const2-trial3-tdoa2,mocap_ground_truth
WORKER_06,TAG_006,72,122.00189300000001,-89.51704872368683,-92.22554980355588,-0.2719999857991935,S073,0.7393,degraded,safe,full_tracking,5,26.07,nearest_center,0.21264493449514044,0.7,1.0,const2-trial4-tdoa3,mocap_ground_truth
WORKER_07,TAG_007,72,132.00170400000002,119.45022144787085,89.93220638069799,0.15700003422796716,S138,0.3,poor,tracking_lost,no_tracking,0,70.0,continuity_fallback,0.2,0.4,1.0,const2-trial6-tdoa2,mocap_ground_truth
WORKER_08,TAG_008,72,142.002384,-14.230072649705718,-118.30055520894618,0.30800005711615075,S095,0.8117,good,safe,full_tracking,3,18.83,nearest_center,0.4950338698556668,0.75,1.0,const3-trial7-tdoa3-manual4,mocap_ground_truth
WORKER_09,TAG_009,72,152.00268599999998,-127.160534195441,84.23977307962487,0.21699997700750817,S045,0.3,poor,tracking_lost,no_tracking,0,70.0,nearest_center,0.18638969668860708,0.75,1.0,const4-trial1-tdoa2-traj2,mocap_ground_truth
WORKER_10,TAG_010,72,162.003837,-122.93711805819487,-89.19571421629739,0.7390000513941049,S061,0.7237,degraded,safe,full_tracking,7,27.63,nearest_center,0.18207869867290213,0.4,1.0,const4-trial3-tdoa2-traj2,mocap_ground_truth
WORKER_01,TAG_001,73,73.000132,-36.265285985044585,-136.93867900810133,0.47499999321997155,S085,0.6219,degraded,safe,degraded_tracking,2,37.81,nearest_center,0.22194683557980296,0.7,1.0,const4-trial3-tdoa2-traj1,mocap_ground_truth
WORKER_02,TAG_002,73,83.00140999999999,118.25664637038749,-20.15204569716262,0.26500007428228844,S136,0.8134,good,safe,full_tracking,6,18.66,nearest_center,0.34027654552182385,1.0,1.0,const4-trial1-tdoa3-traj3,mocap_ground_truth
WORKER_03,TAG_003,73,93.00321399999999,7.805140001570116,-34.29130716834978,0.04899999417364587,S096,0.5122,poor,safe,weak_tracking,1,48.78,nearest_center,0.18214302369156654,0.75,1.0,const1-trial5-tdoa2,mocap_ground_truth
WORKER_04,TAG_004,73,103.002618,-127.2523518725584,-82.21789363312782,0.4730000189691781,S056,0.7665,degraded,safe,full_tracking,7,23.35,nearest_center,0.2722688844714311,0.9,1.0,const2-trial1-tdoa2,mocap_ground_truth
WORKER_05,TAG_005,73,113.003225,72.44176523798038,46.77991201709693,0.3970000437647103,S132,0.3,poor,tracking_lost,no_tracking,0,70.0,nearest_center,0.2037521796490352,0.9,1.0,const2-trial3-tdoa2,mocap_ground_truth
WORKER_06,TAG_006,73,123.00189300000001,-114.4902857837026,-107.09932396103477,-0.2509999581426383,S060,0.7537,degraded,safe,full_tracking,10,24.63,bounds_contains,0.38,0.4,1.0,const2-trial4-tdoa3,mocap_ground_truth
WORKER_07,TAG_007,73,133.00170400000002,104.57644729039195,124.36222638346315,-0.025999934300780403,S138,0.3,poor,tracking_lost,no_tracking,0,70.0,continuity_fallback,0.2,0.4,1.0,const2-trial6-tdoa2,mocap_ground_truth
WORKER_08,TAG_008,73,143.002384,-2.937026118897519,-169.62423976069587,0.2729999712854623,S095,0.3,poor,tracking_lost,no_tracking,0,70.0,nearest_center,0.11255509690219603,1.0,1.0,const3-trial7-tdoa3-manual4,mocap_ground_truth
WORKER_09,TAG_009,73,153.00268599999998,-152.04196452334796,27.682729931128364,0.38100001133978356,S044,0.787,degraded,safe,full_tracking,5,21.3,nearest_center,0.30261176975993176,0.9,1.0,const4-trial1-tdoa2-traj2,mocap_ground_truth
WORKER_10,TAG_010,73,163.003837,-71.79706338817569,-127.66552047457817,0.6509999922662972,S065,0.7738,degraded,safe,full_tracking,7,22.62,nearest_center,0.23978699159324493,0.7,1.0,const4-trial3-tdoa2-traj2,mocap_ground_truth
WORKER_01,TAG_001,74,74.000132,27.45320489209988,-131.33805243913702,0.4690000704675912,S104,0.7518,degraded,safe,full_tracking,4,24.82,nearest_center,0.22492468141500987,0.7,1.0,const4-trial3-tdoa2-traj1,mocap_ground_truth
WORKER_02,TAG_002,74,84.00140999999999,121.19466975303287,14.645227228433212,0.4420000008493661,S137,0.7612,degraded,safe,full_tracking,6,23.88,nearest_center,0.24031955136622746,0.9,1.0,const4-trial1-tdoa3-traj3,mocap_ground_truth
WORKER_03,TAG_003,74,94.00321399999999,-39.662381335764124,-7.481798653550291,0.13600000657141198,S088,0.7416,degraded,safe,full_tracking,6,25.84,nearest_center,0.23642076813041701,0.75,1.0,const1-trial5-tdoa2,mocap_ground_truth
WORKER_04,TAG_004,74,104.002618,-91.35331470596627,-115.72978064475326,0.48100003518164147,S065,0.7616,degraded,safe,full_tracking,10,23.84,nearest_center,0.30357905299617655,0.4,1.0,const2-trial1-tdoa2,mocap_ground_truth
WORKER_05,TAG_005,74,114.003225,48.38665569660003,102.69426152454521,0.5380000761896371,S109,0.6107,degraded,safe,degraded_tracking,2,38.93,nearest_center,0.17304817171398976,0.75,1.0,const2-trial3-tdoa2,mocap_ground_truth
WORKER_06,TAG_006,74,124.00189300000001,-134.68923347879357,-120.41226327756925,-0.13299998722970496,S054,0.8039,good,safe,full_tracking,10,19.61,nearest_center,0.4533848160388232,0.9,1.0,const2-trial4-tdoa3,mocap_ground_truth
WORKER_07,TAG_007,74,134.00170400000002,77.39968448463571,139.97049817784693,-0.15500000201165687,S138,0.3,poor,tracking_lost,no_tracking,0,70.0,continuity_fallback,0.2,0.4,1.0,const2-trial6-tdoa2,mocap_ground_truth
WORKER_08,TAG_008,74,144.002384,9.825034497453998,-195.42380307974253,0.06399997986853112,S095,0.3,poor,tracking_lost,no_tracking,0,70.0,continuity_fallback,0.2,0.4,1.0,const3-trial7-tdoa3-manual4,mocap_ground_truth
WORKER_09,TAG_009,74,154.00268599999998,-152.5010310189178,-33.18954703173169,0.6149999789148568,S041,0.7526,degraded,safe,full_tracking,10,24.74,bounds_contains,0.38,0.4,1.0,const4-trial1-tdoa2-traj2,mocap_ground_truth
WORKER_10,TAG_010,74,164.003837,-9.547590016889725,-139.1421938088332,0.4289999894052743,S085,0.5317,poor,safe,weak_tracking,1,46.83,nearest_center,0.16115265853275382,0.7,1.0,const4-trial3-tdoa2-traj2,mocap_ground_truth
WORKER_01,TAG_001,75,75.000132,81.43947621265562,-99.57062467768222,0.47100004471838464,S122,0.767,degraded,safe,full_tracking,11,23.3,nearest_center,0.23172952747585354,0.7,1.0,const4-trial3-tdoa2-traj1,mocap_ground_truth
WORKER_02,TAG_002,75,85.00140999999999,112.47240633720556,54.033169214105854,0.6229999951273202,S138,0.3,poor,tracking_lost,no_tracking,0,70.0,nearest_center,0.20543551935961088,0.9,1.0,const4-trial1-tdoa3-traj3,mocap_ground_truth
WORKER_03,TAG_003,75,95.00321399999999,-82.90648790397829,13.818907810032682,0.24400004662573327,S077,0.7586,degraded,safe,full_tracking,5,24.14,nearest_center,0.30278013724007297,0.9,1.0,const1-trial5-tdoa2,mocap_ground_truth
WORKER_04,TAG_004,75,105.002618,-45.35481190058509,-133.4497605077601,0.476999967470765,S072,0.7585,degraded,safe,full_tracking,3,24.15,nearest_center,0.26672924205044796,0.9,1.0,const2-trial1-tdoa2,mocap_ground_truth
WORKER_05,TAG_005,75,115.003225,19.557254054042733,157.41504689951876,0.6750000409036874,S111,0.7515,degraded,safe,full_tracking,5,24.85,nearest_center,0.22078276922849918,0.7,1.0,const2-trial3-tdoa2,mocap_ground_truth
WORKER_06,TAG_006,75,125.00189300000001,-148.09399047244545,-129.77722854320123,0.05300006188452233,S053,0.8216,good,safe,full_tracking,10,17.84,nearest_center,0.47621606738517425,0.9,1.0,const2-trial4-tdoa3,mocap_ground_truth
WORKER_07,TAG_007,75,135.00170400000002,42.786040072644326,132.71724098083803,-0.19600001059472572,S111,0.3,poor,tracking_lost,no_tracking,0,70.0,nearest_center,0.17178148672251306,0.75,1.0,const2-trial6-tdoa2,mocap_ground_truth
WORKER_08,TAG_008,75,145.002384,37.55267873964536,-186.79333545101545,-0.32999995432794105,S095,0.3,poor,tracking_lost,no_tracking,0,70.0,continuity_fallback,0.2,0.4,1.0,const3-trial7-tdoa3-manual4,mocap_ground_truth
WORKER_09,TAG_009,75,155.00268599999998,-123.67162664010836,-88.82845992534065,0.7390000513941049,S056,0.7427,degraded,safe,full_tracking,6,25.73,nearest_center,0.1802188764529783,0.7,1.0,const4-trial1-tdoa2-traj2,mocap_ground_truth
WORKER_10,TAG_010,75,165.003837,50.773805851566735,-120.41226327756925,0.2410000256448983,S104,0.786,degraded,safe,full_tracking,6,21.4,nearest_center,0.16046488769795064,0.7,1.0,const4-trial3-tdoa2-traj2,mocap_ground_truth
WORKER_01,TAG_001,76,76.000132,115.77767853830336,-46.41067414365307,0.47100004471838464,S137,0.7535,degraded,safe,full_tracking,8,24.65,nearest_center,0.20252335969255547,0.75,1.0,const4-trial3-tdoa2-traj1,mocap_ground_truth
WORKER_02,TAG_002,76,86.00140999999999,86.94827415949392,80.29179902872237,0.7850000552088021,S121,0.3,poor,tracking_lost,no_tracking,0,70.0,nearest_center,0.1,0.75,1.0,const4-trial1-tdoa3-traj3,mocap_ground_truth
WORKER_03,TAG_003,76,96.00321399999999,-116.051120624647,29.15174162245105,0.3649999789148568,S077,0.3,poor,tracking_lost,no_tracking,0,70.0,nearest_center,0.11559354447238201,1.0,1.0,const1-trial5-tdoa2,mocap_ground_truth
WORKER_04,TAG_004,76,106.002618,4.499858223589772,-134.82697093947826,0.46999999798834313,S095,0.6404,degraded,safe,degraded_tracking,2,35.96,nearest_center,0.2090977404732969,0.7,1.0,const2-trial1-tdoa2,mocap_ground_truth
WORKER_05,TAG_005,76,116.003225,-13.771005641088582,194.8748970170381,0.7959999731928109,S112,0.3,poor,tracking_lost,no_tracking,0,70.0,nearest_center,0.20539682748240762,0.9,1.0,const2-trial3-tdoa2,mocap_ground_truth
WORKER_06,TAG_006,76,126.00189300000001,-154.79636349676713,-135.0105953487045,0.257999985590577,S037,0.8444,good,safe,full_tracking,14,15.56,bounds_contains,0.855,0.9,1.0,const2-trial4-tdoa3,mocap_ground_truth
WORKER_07,TAG_007,76,136.00170400000002,3.0308437960149384,105.08141167951192,-0.13999995671212684,S110,0.8116,good,safe,full_tracking,11,18.84,nearest_center,0.49890220763170195,0.9,1.0,const2-trial6-tdoa2,mocap_ground_truth
WORKER_08,TAG_008,76,146.002384,83.18393546282624,-145.11006919624995,-0.27899995528161536,S127,0.5531,poor,safe,degraded_tracking,2,44.69,nearest_center,0.10324052584684883,0.4,1.0,const3-trial7-tdoa3-manual4,mocap_ground_truth
WORKER_09,TAG_009,76,156.00268599999998,-72.6233841747023,-127.29827165612572,0.6570000342279672,S085,0.7762,degraded,safe,full_tracking,4,22.38,nearest_center,0.17596205701147807,0.75,1.0,const4-trial1-tdoa2-traj2,mocap_ground_truth
WORKER_10,TAG_010,76,166.003837,97.41500777050045,-77.81085308665546,0.2280000142008065,S135,0.8068,good,safe,full_tracking,8,19.32,nearest_center,0.26106766345551946,0.75,1.0,const4-trial3-tdoa2-traj2,mocap_ground_truth
WORKER_01,TAG_001,77,77.000132,120.18473002978432,17.30781536536532,0.4719999722391366,S138,0.7848,degraded,safe,full_tracking,4,21.52,nearest_center,0.266242198366242,0.9,1.0,const4-trial3-tdoa2-traj1,mocap_ground_truth
WORKER_02,TAG_002,77,87.00140999999999,57.659808757618904,79.83273253315251,0.9130000761896371,S121,0.7471,degraded,safe,full_tracking,3,25.29,nearest_center,0.2927178559264242,1.0,1.0,const4-trial1-tdoa3-traj3,mocap_ground_truth
WORKER_03,TAG_003,77,97.00321399999999,-132.5775254101705,32.732464118648956,0.4610000542551278,S044,0.3,poor,tracking_lost,no_tracking,0,70.0,nearest_center,0.1613876659383684,0.75,1.0,const1-trial5-tdoa2,mocap_ground_truth
WORKER_04,TAG_004,77,107.002618,50.40655156061,-119.31050587720331,0.4740000656992196,S104,0.8152,good,safe,full_tracking,6,18.48,nearest_center,0.2096755117246317,0.9,1.0,const2-trial1-tdoa2,mocap_ground_truth
WORKER_05,TAG_005,77,117.003225,-45.63025125067658,203.68900000000002,0.8920000485330819,S070,0.6171,degraded,safe,degraded_tracking,2,38.29,nearest_center,0.15625296080251483,0.75,1.0,const2-trial3-tdoa2,mocap_ground_truth
WORKER_06,TAG_006,77,127.00189300000001,-153.69460609640117,-136.84686133098393,0.4259999684244393,S037,0.8642,good,safe,full_tracking,14,13.58,bounds_contains,0.95,1.0,1.0,const2-trial4-tdoa3,mocap_ground_truth
WORKER_07,TAG_007,77,137.00170400000002,-38.92787275385063,58.80746405153496,0.002000062838196648,S090,0.7305,degraded,safe,full_tracking,14,26.95,nearest_center,0.2918365711965064,0.4,1.0,const2-trial6-tdoa2,mocap_ground_truth
WORKER_08,TAG_008,77,147.002384,122.48006250763363,-106.91569955180854,-0.26999995194375526,S133,0.8147,good,safe,full_tracking,5,18.53,nearest_center,0.37740089026532686,0.9,1.0,const3-trial7-tdoa3-manual4,mocap_ground_truth
WORKER_09,TAG_009,77,157.00268599999998,-10.924790529693855,-138.2240608176935,0.4360000780969857,S095,0.5696,poor,safe,weak_tracking,1,43.04,nearest_center,0.28163458517821194,0.9,1.0,const4-trial1-tdoa2-traj2,mocap_ground_truth
WORKER_10,TAG_010,77,167.003837,120.36835443901056,-18.683031269587786,0.4079999617487191,S136,0.7895,degraded,safe,full_tracking,6,21.05,nearest_center,0.29299741911982036,0.9,1.0,const4-trial3-tdoa2-traj2,mocap_ground_truth
WORKER_01,TAG_001,78,78.000132,99.61852257123233,75.7929408051326,0.47499999321997155,S138,0.3,poor,tracking_lost,no_tracking,0,70.0,continuity_fallback,0.2,0.4,1.0,const4-trial3-tdoa2-traj1,mocap_ground_truth
WORKER_02,TAG_002,78,88.00140999999999,22.678910054670776,52.19690323182642,0.9909999064356088,S108,0.8323,good,safe,full_tracking,11,16.77,bounds_contains,0.6649999999999999,0.7,1.0,const4-trial1-tdoa3-traj3,mocap_ground_truth
WORKER_03,TAG_003,78,98.00321399999999,-130.92488383711728,21.898485793568206,0.5060000113397836,S043,0.3,poor,tracking_lost,no_tracking,0,70.0,nearest_center,0.20644184259445592,0.9,1.0,const1-trial5-tdoa2,mocap_ground_truth
WORKER_04,TAG_004,78,108.002618,88.96817549600817,-89.47115083013674,0.47100004471838464,S128,0.7342,degraded,safe,full_tracking,15,26.58,nearest_center,0.3095462836919916,0.4,1.0,const2-trial1-tdoa2,mocap_ground_truth
WORKER_05,TAG_005,78,118.003225,-74.55146783409914,184.68361643738382,0.9610000542551278,S069,0.8008,good,safe,full_tracking,9,19.92,nearest_center,0.2958242996871863,0.9,1.0,const2-trial3-tdoa2,mocap_ground_truth
WORKER_06,TAG_006,78,128.001893,-145.0641494126827,-135.9287283398442,0.5160000018030404,S053,0.8281,good,safe,full_tracking,12,17.19,nearest_center,0.6876354707606085,0.9,1.0,const2-trial4-tdoa3,mocap_ground_truth
WORKER_07,TAG_007,78,138.00170400000002,-78.40762968038852,3.8112480482736677,0.1969999960809945,S078,0.7487,degraded,safe,full_tracking,4,25.13,nearest_center,0.16588725324878492,0.7,1.0,const2-trial6-tdoa2,mocap_ground_truth
WORKER_08,TAG_008,78,148.002384,129.09062879984646,-71.38391667617314,-0.012999922856688606,S134,0.7667,degraded,safe,full_tracking,4,23.33,nearest_center,0.26821263065501094,0.9,1.0,const3-trial7-tdoa3-manual4,mocap_ground_truth
WORKER_09,TAG_009,78,158.00268599999998,50.22292715138377,-121.23858953660016,0.2420000723749398,S104,0.8079,good,safe,full_tracking,6,19.21,nearest_center,0.2082834724334232,0.9,1.0,const4-trial1-tdoa2-traj2,mocap_ground_truth
WORKER_10,TAG_010,78,168.003837,116.05312062464701,45.494524735000475,0.6349999598413705,S138,0.6005,degraded,safe,degraded_tracking,2,39.95,nearest_center,0.1927444995438423,0.7,1.0,const4-trial3-tdoa2-traj2,mocap_ground_truth
WORKER_01,TAG_001,79,79.000132,56.74167576647919,119.40430166430353,0.4730000189691781,S121,0.3,poor,tracking_lost,no_tracking,0,70.0,nearest_center,0.1232885365020551,0.75,1.0,const4-trial3-tdoa2-traj1,mocap_ground_truth
WORKER_02,TAG_002,79,89.00140999999999,-15.423646658340573,-2.06480880694688,1.0080001047998666,S098,0.7291,degraded,safe,full_tracking,5,27.09,nearest_center,0.17245035997333913,0.7,1.0,const4-trial1-tdoa3-traj3,mocap_ground_truth
WORKER_03,TAG_003,79,99.00321399999999,-109.89962082800402,-0.4121677469409484,0.4849999836832284,S042,0.3,poor,tracking_lost,no_tracking,0,70.0,nearest_center,0.12839316439941864,0.9,1.0,const1-trial5-tdoa2,mocap_ground_truth
WORKER_04,TAG_004,79,109.002618,114.21685464236758,-46.869740639222925,0.46999999798834313,S129,0.7785,degraded,safe,full_tracking,8,22.15,nearest_center,0.24937955985141347,0.9,1.0,const2-trial1-tdoa2,mocap_ground_truth
WORKER_05,TAG_005,79,119.003225,-102.6463636309951,142.54127274203987,1.0020000628381966,S068,0.7866,degraded,safe,full_tracking,8,21.34,nearest_center,0.2801169910523292,0.9,1.0,const2-trial3-tdoa2,mocap_ground_truth
WORKER_06,TAG_006,79,129.001893,-131.10851919135212,-129.6854108660838,0.5020000628381966,S052,0.7716,degraded,safe,full_tracking,7,22.84,nearest_center,0.2532933678406886,0.9,1.0,const2-trial4-tdoa3,mocap_ground_truth
WORKER_07,TAG_007,79,139.00170400000002,-111.73588681028345,-50.542278076286095,0.4090000084787606,S057,0.3,poor,tracking_lost,no_tracking,0,70.0,nearest_center,0.18950313760111426,0.75,1.0,const2-trial6-tdoa2,mocap_ground_truth
WORKER_08,TAG_008,79,149.002384,108.79986342763809,-48.889636503232886,0.3910000018030404,S136,0.7635,degraded,safe,full_tracking,10,23.65,nearest_center,0.26527095180227706,0.7,1.0,const3-trial7-tdoa3-manual4,mocap_ground_truth
WORKER_09,TAG_009,79,159.00268599999998,97.1395656841568,-79.09624036875192,0.2219999722391366,S135,0.7948,degraded,safe,full_tracking,9,20.52,nearest_center,0.2556709925234368,0.75,1.0,const4-trial1-tdoa2-traj2,mocap_ground_truth
WORKER_10,TAG_010,79,169.003837,85.9383344362454,97.18546357770691,0.7399999789148568,S138,0.3,poor,tracking_lost,no_tracking,0,70.0,continuity_fallback,0.2,0.4,1.0,const4-trial3-tdoa2-traj2,mocap_ground_truth
WORKER_01,TAG_001,80,80.000132,-1.4680116913226815,138.1342321955675,0.4730000189691781,S111,0.744,degraded,safe,full_tracking,13,25.6,nearest_center,0.2676273784005365,0.4,1.0,const4-trial3-tdoa2-traj1,mocap_ground_truth
WORKER_02,TAG_002,80,90.00140999999999,-62.79935241350046,-48.889636503232886,0.9640000752359628,S087,0.7856,degraded,safe,full_tracking,8,21.44,nearest_center,0.22931258284288564,0.75,1.0,const4-trial1-tdoa3-traj3,mocap_ground_truth
WORKER_03,TAG_003,80,100.00321399999999,-74.55146783409914,-28.323437253437334,0.4029999665170907,S076,0.7926,degraded,safe,full_tracking,3,20.74,nearest_center,0.2589113837996102,0.75,1.0,const1-trial5-tdoa2,mocap_ground_truth
WORKER_04,TAG_004,80,110.002618,123.0309357353123,2.0667937575600686,0.47100004471838464,S131,0.7569,degraded,safe,full_tracking,5,24.31,nearest_center,0.16338671023470733,0.7,1.0,const2-trial1-tdoa2,mocap_ground_truth
WORKER_05,TAG_005,80,120.003225,-124.95701939470912,88.83044350782775,0.9999999693781136,S045,0.3,poor,tracking_lost,no_tracking,0,70.0,nearest_center,0.16934483030066408,0.75,1.0,const2-trial3-tdoa2,mocap_ground_truth
WORKER_06,TAG_006,80,130.001893,-110.17506291434765,-121.23858953660016,0.3920000485330819,S053,0.7871,degraded,safe,full_tracking,4,21.29,nearest_center,0.2052717480984247,0.9,1.0,const2-trial4-tdoa3,mocap_ground_truth
WORKER_07,TAG_007,80,140.00170400000002,-138.45358312046983,-96.99985011348929,0.5800000122934579,S056,0.8047,good,safe,full_tracking,7,19.53,nearest_center,0.2274154133596431,0.9,1.0,const2-trial6-tdoa2,mocap_ground_truth
WORKER_08,TAG_008,80,150.002384,62.98498776773529,-26.02810203933589,0.5370000294595956,S124,0.7761,degraded,safe,full_tracking,13,22.39,nearest_center,0.36903795611358364,0.7,1.0,const3-trial7-tdoa3-manual4,mocap_ground_truth
WORKER_09,TAG_009,80,160.00268599999998,120.09291235266691,-20.519299988119364,0.40200003899633874,S136,0.7916,degraded,safe,full_tracking,6,20.84,nearest_center,0.3019278045087236,0.9,1.0,const4-trial1-tdoa2-traj2,mocap_ground_truth
WORKER_10,TAG_010,80,170.003837,33.97195350719531,131.89092566681572,0.6390000275522469,S111,0.7073,degraded,safe,full_tracking,3,29.27,nearest_center,0.21222213477419355,0.75,1.0,const4-trial3-tdoa2-traj2,mocap_ground_truth
WORKER_01,TAG_001,81,81.000132,-64.91106048212352,130.1464664166451,0.476999967470765,S082,0.7183,degraded,safe,full_tracking,15,28.17,nearest_center,0.22862046214297094,0.4,1.0,const4-trial3-tdoa2-traj1,mocap_ground_truth
WORKER_02,TAG_002,81,91.00140999999999,-97.32119009338302,-84.05416508791154,0.8640000513941049,S061,0.7221,degraded,safe,full_tracking,5,27.79,nearest_center,0.2199022579997334,0.75,1.0,const4-trial1-tdoa3-traj3,mocap_ground_truth
WORKER_03,TAG_003,81,101.00321399999999,-28.92021384717041,-57.61190539156449,0.2829999617487191,S087,0.7981,degraded,safe,full_tracking,7,20.19,nearest_center,0.3028864582738312,0.7,1.0,const1-trial5-tdoa2,mocap_ground_truth
WORKER_04,TAG_004,81,111.002618,114.40047905159379,49.901570753977126,0.4719999722391366,S138,0.3,poor,tracking_lost,no_tracking,0,70.0,nearest_center,0.17592239793792586,0.7,1.0,const2-trial1-tdoa2,mocap_ground_truth
WORKER_05,TAG_005,81,121.003225,-140.5652911890929,39.80209690643165,0.9569999865442513,S045,0.629,degraded,safe,degraded_tracking,2,37.1,nearest_center,0.2308576589648862,1.0,1.0,const2-trial3-tdoa2,mocap_ground_truth
WORKER_06,TAG_006,81,131.001893,-84.74275388625773,-110.22098269791496,0.2089999607950448,S065,0.7495,degraded,safe,full_tracking,10,25.05,nearest_center,0.3034646435210583,0.4,1.0,const2-trial4-tdoa3,mocap_ground_truth
WORKER_07,TAG_007,81,141.00170400000002,-153.32735727794872,-126.74738748343846,0.6739999941736459,S037,0.763,degraded,safe,full_tracking,10,23.7,bounds_contains,0.38,0.4,1.0,const2-trial6-tdoa2,mocap_ground_truth
WORKER_08,TAG_008,81,151.002384,17.353731044554404,-11.521587645318053,0.5209999970346688,S116,0.7447,degraded,safe,full_tracking,5,25.53,nearest_center,0.23716953372031638,0.9,1.0,const3-trial7-tdoa3-manual4,mocap_ground_truth
WORKER_09,TAG_009,81,161.00268599999998,115.68587180619456,42.923750170807544,0.6320000580698251,S138,0.616,degraded,safe,degraded_tracking,2,38.4,nearest_center,0.20387565632298563,0.7,1.0,const4-trial1-tdoa2-traj2,mocap_ground_truth
WORKER_10,TAG_010,81,171.003837,-27.543014360460838,138.1342321955675,0.4040000132471322,S093,0.7877,degraded,safe,full_tracking,15,21.23,nearest_center,0.5069317907352623,0.7,1.0,const4-trial3-tdoa2-traj2,mocap_ground_truth
WORKER_01,TAG_001,82,82.000132,-118.07101101615265,95.25737991831006,0.4730000189691781,S063,0.7198,degraded,safe,full_tracking,8,28.02,nearest_center,0.18558941897259293,0.7,1.0,const4-trial3-tdoa2-traj1,mocap_ground_truth
WORKER_02,TAG_002,82,92.00140999999999,-125.23246148105275,-78.08629517299909,0.7199999979883431,S061,0.7727,degraded,safe,full_tracking,7,22.73,nearest_center,0.33634831928506165,1.0,1.0,const4-trial1-tdoa3-traj3,mocap_ground_truth
WORKER_03,TAG_003,82,102.00321399999999,18.088239626467892,-81.11613623276187,0.1680000714212655,S104,0.7255,degraded,safe,full_tracking,5,27.45,nearest_center,0.20775132622848191,0.75,1.0,const1-trial5-tdoa2,mocap_ground_truth
WORKER_04,TAG_004,82,112.002618,90.89625915540502,92.04391444932106,0.47499999321997155,S138,0.3,poor,tracking_lost,no_tracking,0,70.0,continuity_fallback,0.2,0.4,1.0,const2-trial1-tdoa2,mocap_ground_truth
WORKER_05,TAG_005,82,122.003225,-151.12383153220824,7.667410407610334,0.8870000533014535,S044,0.7609,degraded,safe,full_tracking,7,23.91,nearest_center,0.24869374937879363,0.9,1.0,const2-trial3-tdoa2,mocap_ground_truth
WORKER_06,TAG_006,82,132.001893,-54.71977716621707,-95.89809271312335,-3.0621886359938344e-08,S073,0.7678,degraded,safe,full_tracking,6,23.22,nearest_center,0.27688954561430246,0.7,1.0,const2-trial4-tdoa3,mocap_ground_truth
WORKER_07,TAG_007,82,142.00170400000002,-154.52093235543208,-134.82697093947826,0.6709999731928109,S037,0.8639,good,safe,full_tracking,14,13.61,bounds_contains,0.95,1.0,1.0,const2-trial6-tdoa2,mocap_ground_truth
WORKER_08,TAG_008,82,152.002384,-14.780952931784462,3.168554407225436,0.29399999894201745,S089,0.745,degraded,safe,full_tracking,6,25.5,nearest_center,0.1624767290894258,0.75,1.0,const3-trial7-tdoa3-manual4,mocap_ground_truth
WORKER_09,TAG_009,82,162.00268599999998,84.92838376798827,94.79831342274021,0.7380000046640633,S121,0.3,poor,tracking_lost,no_tracking,0,70.0,nearest_center,0.1,0.75,1.0,const4-trial1-tdoa2-traj2,mocap_ground_truth
WORKER_10,TAG_010,82,172.003837,-89.42523651907372,118.3943509960464,0.22999998845159997,S082,0.7865,degraded,safe,full_tracking,10,21.35,nearest_center,0.24546390461374473,0.9,1.0,const4-trial3-tdoa2-traj2,mocap_ground_truth
WORKER_01,TAG_001,83,83.000132,-151.85834011412175,41.821990034189454,0.4740000656992196,S044,0.7345,degraded,safe,full_tracking,6,26.55,nearest_center,0.2372464450943689,0.75,1.0,const4-trial3-tdoa2-traj1,mocap_ground_truth
WORKER_02,TAG_002,83,93.00140999999999,-144.78870732633905,-48.889636503232886,0.5439999989420174,S057,0.7603,degraded,safe,full_tracking,8,23.97,nearest_center,0.22933659739049653,0.4,1.0,const4-trial1-tdoa3-traj3,mocap_ground_truth
WORKER_03,TAG_003,83,103.00321399999999,60.230583321811835,-96.3571592086932,0.06899997510015954,S113,0.7932,degraded,safe,full_tracking,12,20.68,nearest_center,0.27007380355548577,0.9,1.0,const1-trial5-tdoa2,mocap_ground_truth
WORKER_04,TAG_004,83,113.002618,54.26271340689938,121.42419205580919,0.4719999722391366,S110,0.3,poor,tracking_lost,no_tracking,0,70.0,nearest_center,0.12470946886961844,0.75,1.0,const2-trial1-tdoa2,mocap_ground_truth
WORKER_05,TAG_005,83,123.003225,-154.79636349676713,0.8732197061712736,0.7850000552088021,S044,0.7906,degraded,safe,full_tracking,6,20.94,nearest_center,0.25830227524232974,1.0,1.0,const2-trial3-tdoa2,mocap_ground_truth
WORKER_06,TAG_006,83,133.001893,-22.676903898103433,-79.55530686432178,-0.18499997340142738,S073,0.6663,degraded,safe,degraded_tracking,2,33.37,nearest_center,0.21862022209904539,1.0,1.0,const2-trial4-tdoa3,mocap_ground_truth
WORKER_07,TAG_007,83,143.00170400000002,-144.6050829171128,-122.61578902330973,0.5789999655634164,S037,0.8135,good,safe,full_tracking,9,18.65,nearest_center,0.32880841032684316,1.0,1.0,const2-trial6-tdoa2,mocap_ground_truth
WORKER_08,TAG_008,83,153.002384,-41.957716549865566,20.245844220514996,0.007000058069825066,S088,0.8261,good,safe,full_tracking,12,17.39,nearest_center,0.6053968388235862,0.9,1.0,const3-trial7-tdoa3-manual4,mocap_ground_truth
WORKER_09,TAG_009,83,163.00268599999998,34.24739559353894,130.33009082587134,0.6410000018030404,S110,0.6986,degraded,safe,full_tracking,3,30.14,nearest_center,0.18491584978657372,0.7,1.0,const4-trial1-tdoa2-traj2,mocap_ground_truth
WORKER_10,TAG_010,83,173.003837,-136.4336927289642,73.03854183171346,0.23900005139410485,S045,0.7345,degraded,safe,full_tracking,3,26.55,nearest_center,0.23827364732027592,0.75,1.0,const4-trial3-tdoa2-traj2,mocap_ground_truth
WORKER_01,TAG_001,84,84.000132,-156.3571983377115,-19.509352056114388,0.476999967470765,S042,0.8107,good,safe,full_tracking,8,18.93,bounds_contains,0.6649999999999999,0.7,1.0,const4-trial3-tdoa2-traj1,mocap_ground_truth
WORKER_02,TAG_002,84,94.00140999999999,-154.15367259197103,-7.206358619395768,0.35800000943243493,S042,0.7882,degraded,safe,full_tracking,8,21.18,bounds_contains,0.6649999999999999,0.7,1.0,const4-trial1-tdoa3-traj3,mocap_ground_truth
WORKER_03,TAG_003,84,104.00321399999999,87.4991583321812,-99.20337585922977,0.007999985590577019,S122,0.7828,degraded,safe,full_tracking,11,21.72,nearest_center,0.26746534035927516,0.9,1.0,const1-trial5-tdoa2,mocap_ground_truth
WORKER_04,TAG_004,84,114.002618,8.356020069879161,137.9506077863413,0.4719999722391366,S111,0.8196,good,safe,full_tracking,11,18.04,nearest_center,0.6404838121530243,0.9,1.0,const2-trial1-tdoa2,mocap_ground_truth
WORKER_05,TAG_005,84,124.003225,-151.03201385509084,23.918380289452088,0.6650000504404305,S044,0.7962,degraded,safe,full_tracking,5,20.38,nearest_center,0.3263909544264142,1.0,1.0,const2-trial3-tdoa2,mocap_ground_truth
WORKER_06,TAG_006,84,134.001893,9.457780206497251,-61.46806723785388,-0.285999984368682,S105,0.7462,degraded,safe,full_tracking,5,25.38,nearest_center,0.2780248893997316,0.4,1.0,const2-trial4-tdoa3,mocap_ground_truth
WORKER_07,TAG_007,84,144.00170400000002,-123.3043778216559,-88.92027212995376,0.4130000761896371,S054,0.7569,degraded,safe,full_tracking,7,24.31,nearest_center,0.2180286030819478,0.7,1.0,const2-trial6-tdoa2,mocap_ground_truth
WORKER_08,TAG_008,84,154.002384,-35.438965198517984,-17.214016842012946,-0.2119999834150077,S088,0.6484,degraded,safe,degraded_tracking,2,35.16,nearest_center,0.2548699866756294,1.0,1.0,const3-trial7-tdoa3-manual4,mocap_ground_truth
WORKER_09,TAG_009,84,164.00268599999998,-27.175760069504086,139.05236518670722,0.41400000371038903,S093,0.7351,degraded,safe,full_tracking,15,26.49,nearest_center,0.280989686055417,0.4,1.0,const4-trial1-tdoa2-traj2,mocap_ground_truth
WORKER_10,TAG_010,84,174.003837,-157.73439782442108,15.65517516043819,0.43300005711615075,S044,0.7814,degraded,safe,full_tracking,9,21.86,nearest_center,0.30578874350924545,0.9,1.0,const4-trial3-tdoa2-traj2,mocap_ground_truth
WORKER_01,TAG_001,85,85.000132,-131.47576800980454,-78.08629517299909,0.4719999722391366,S060,0.7417,degraded,safe,full_tracking,5,25.83,nearest_center,0.18059292127300178,0.75,1.0,const4-trial3-tdoa2-traj1,mocap_ground_truth
WORKER_02,TAG_002,85,95.00140999999999,-149.74663204549867,22.90843235744711,0.19000002659857262,S043,0.7767,degraded,safe,full_tracking,5,22.33,nearest_center,0.3027396858783202,0.9,1.0,const4-trial1-tdoa3-traj3,mocap_ground_truth
WORKER_03,TAG_003,85,105.00321399999999,99.06764934355365,-87.81850925708352,0.01900002278387536,S127,0.8014,good,safe,full_tracking,10,19.86,nearest_center,0.280392013948341,0.9,1.0,const1-trial5-tdoa2,mocap_ground_truth
WORKER_04,TAG_004,85,115.002618,-41.49864731804355,137.67516569999765,0.4719999722391366,S093,0.7671,degraded,safe,full_tracking,14,23.29,nearest_center,0.32648952404380555,0.7,1.0,const2-trial1-tdoa2,mocap_ground_truth
WORKER_05,TAG_005,85,125.003225,-139.27990937950074,67.62155061698397,0.5300000599771737,S045,0.7644,degraded,safe,full_tracking,3,23.56,nearest_center,0.2987315996578512,0.9,1.0,const2-trial3-tdoa2,mocap_ground_truth
WORKER_06,TAG_006,85,135.001893,40.490707594795026,-43.013578792933544,-0.28799995861947547,S116,0.7996,degraded,safe,full_tracking,8,20.04,nearest_center,0.44248446252479584,0.7,1.0,const2-trial4-tdoa3,mocap_ground_truth
WORKER_07,TAG_007,85,145.00170400000002,-91.44513238308367,-40.44280422874061,0.22999998845159997,S075,0.623,degraded,safe,degraded_tracking,2,37.7,nearest_center,0.2166724650965376,0.75,1.0,const2-trial6-tdoa2,mocap_ground_truth
WORKER_08,TAG_008,85,155.002384,-23.59503825736922,-55.86745161389817,-0.1859999605268241,S096,0.7851,degraded,safe,full_tracking,6,21.49,nearest_center,0.193351493893841,0.75,1.0,const3-trial7-tdoa3-manual4,mocap_ground_truth
WORKER_09,TAG_009,85,165.00268599999998,-87.58897053679429,118.85341749161626,0.23199996270239343,S082,0.7891,degraded,safe,full_tracking,10,21.09,nearest_center,0.2551502424612088,0.9,1.0,const4-trial1-tdoa2-traj2,mocap_ground_truth
WORKER_10,TAG_010,85,175.003837,-148.1858081495629,-46.22704973442685,0.6559999874979257,S057,0.7717,degraded,safe,full_tracking,8,22.83,nearest_center,0.26701363937283035,0.4,1.0,const4-trial3-tdoa2-traj2,mocap_ground_truth
WORKER_01,TAG_001,86,86.000132,-84.74275388625773,-120.68770536391288,0.4719999722391366,S065,0.8392,good,safe,full_tracking,9,16.08,nearest_center,0.5447498944355423,0.9,1.0,const4-trial3-tdoa2-traj1,mocap_ground_truth
WORKER_02,TAG_002,86,96.00140999999999,-136.6173171381904,29.427183708794686,0.053999989405274285,S043,0.3,poor,tracking_lost,no_tracking,0,70.0,nearest_center,0.2455811399235299,1.0,1.0,const4-trial1-tdoa3-traj3,mocap_ground_truth
WORKER_03,TAG_003,86,106.00321399999999,91.4471323830837,-67.61956703449687,0.09300002373754968,S129,0.7784,degraded,safe,full_tracking,13,22.16,nearest_center,0.4221335739984915,0.7,1.0,const1-trial5-tdoa2,mocap_ground_truth
WORKER_04,TAG_004,86,116.002618,-87.86440715063362,120.7815011510131,0.47499999321997155,S082,0.7916,degraded,safe,full_tracking,10,20.84,nearest_center,0.2604687521912318,0.9,1.0,const2-trial1-tdoa2,mocap_ground_truth
WORKER_05,TAG_005,86,126.003225,-119.99909467554949,118.57798635028122,0.38900002755224694,S062,0.7476,degraded,safe,full_tracking,11,25.24,nearest_center,0.23040747772686557,0.4,1.0,const2-trial3-tdoa2,mocap_ground_truth
WORKER_06,TAG_006,86,136.001893,67.94290701439061,-19.509352056114388,-0.19399997673928748,S125,0.7685,degraded,safe,full_tracking,14,23.15,nearest_center,0.34633503574163327,0.7,1.0,const2-trial4-tdoa3,mocap_ground_truth
WORKER_07,TAG_007,86,146.00170400000002,-54.352522875260334,16.48149594696479,0.06399997986853112,S077,0.7967,degraded,safe,full_tracking,9,20.33,nearest_center,0.38628005185850134,0.7,1.0,const2-trial6-tdoa2,mocap_ground_truth
WORKER_08,TAG_008,86,156.002384,-17.810794632856343,-112.14905541230321,-0.0869999834150077,S095,0.8166,good,safe,full_tracking,3,18.34,nearest_center,0.5107111052665477,0.75,1.0,const3-trial7-tdoa3-manual4,mocap_ground_truth
WORKER_09,TAG_009,86,166.00268599999998,-133.312033992084,74.78299560937977,0.23400005616247643,S045,0.6268,degraded,safe,degraded_tracking,2,37.32,nearest_center,0.22344537537438275,0.75,1.0,const4-trial1-tdoa2-traj2,mocap_ground_truth
WORKER_10,TAG_010,86,176.003837,-113.29672165122784,-98.46886727731628,0.7390000513941049,S061,0.7424,degraded,safe,full_tracking,7,25.76,nearest_center,0.22833903576725667,0.4,1.0,const4-trial3-tdoa2-traj2,mocap_ground_truth
WORKER_01,TAG_001,87,87.000132,-25.247679146359395,-138.1322431405761,0.47100004471838464,S085,0.6247,degraded,safe,degraded_tracking,2,37.53,nearest_center,0.2050678391961725,0.7,1.0,const4-trial3-tdoa2-traj1,mocap_ground_truth
WORKER_02,TAG_002,87,97.00140999999999,-114.58210346082001,3.5358080141191452,-0.03400001011788856,S042,0.3,poor,tracking_lost,no_tracking,0,70.0,nearest_center,0.14748683539845242,0.9,1.0,const4-trial1-tdoa3-traj3,mocap_ground_truth
WORKER_03,TAG_003,87,107.00321399999999,66.74933193690727,-42.738139442842055,0.20199999131262292,S124,0.7603,degraded,safe,full_tracking,11,23.97,nearest_center,0.35093180691446496,0.7,1.0,const1-trial5-tdoa2,mocap_ground_truth
WORKER_04,TAG_004,87,117.002618,-123.76344431722578,88.18775260303167,0.4740000656992196,S045,0.3,poor,tracking_lost,no_tracking,0,70.0,nearest_center,0.16519659905533127,0.75,1.0,const2-trial1-tdoa2,mocap_ground_truth
WORKER_05,TAG_005,87,127.003225,-95.76036072494293,166.13731031534607,0.25100001610815514,S067,0.7534,degraded,safe,full_tracking,8,24.66,nearest_center,0.20381877420191483,0.7,1.0,const2-trial3-tdoa2,mocap_ground_truth
WORKER_06,TAG_006,87,137.001893,90.7126238011702,2.158607148595011,-0.018000037297606575,S132,0.7853,degraded,safe,full_tracking,12,21.47,nearest_center,0.3586631900498824,0.7,1.0,const2-trial4-tdoa3,mocap_ground_truth
WORKER_07,TAG_007,87,147.00170400000002,-11.842924546928128,68.90693789908043,-0.03699997149407874,S099,0.7273,degraded,safe,full_tracking,13,27.27,nearest_center,0.2664016028717763,0.4,1.0,const2-trial6-tdoa2,mocap_ground_truth
WORKER_08,TAG_008,87,157.002384,-9.547590016889725,-165.49264130056716,0.23100003518164147,S095,0.3,poor,tracking_lost,no_tracking,0,70.0,nearest_center,0.14276791481486356,1.0,1.0,const3-trial7-tdoa3-manual4,mocap_ground_truth
WORKER_09,TAG_009,87,167.00268599999998,-156.81626483328137,17.675069656322073,0.42500004090368737,S044,0.7842,degraded,safe,full_tracking,8,21.58,nearest_center,0.3086673901139222,0.9,1.0,const4-trial1-tdoa2-traj2,mocap_ground_truth
WORKER_10,TAG_010,87,177.003837,-60.32039279017279,-132.25619637528533,0.6170000723749398,S065,0.7209,degraded,safe,full_tracking,7,27.91,nearest_center,0.18791960768641663,0.7,1.0,const4-trial3-tdoa2-traj2,mocap_ground_truth
WORKER_01,TAG_001,88,88.000132,38.19536964444144,-127.39007838823453,0.46999999798834313,S104,0.7463,degraded,safe,full_tracking,7,25.37,nearest_center,0.20089584428850463,0.7,1.0,const4-trial3-tdoa2-traj1,mocap_ground_truth
WORKER_02,TAG_002,88,98.00140999999999,-80.88659203996833,-40.3509920241275,-0.06299999438226234,S074,0.7403,degraded,safe,full_tracking,4,25.97,nearest_center,0.19859385653644773,0.75,1.0,const4-trial1-tdoa3-traj3,mocap_ground_truth
WORKER_03,TAG_003,88,108.00321399999999,28.004086328535,-18.683031269587786,0.32600006379187096,S116,0.7702,degraded,safe,full_tracking,8,22.98,nearest_center,0.30372985446451173,0.9,1.0,const1-trial5-tdoa2,mocap_ground_truth
WORKER_04,TAG_004,88,118.002618,-148.00217279532805,44.48457953924764,0.47499999321997155,S045,0.7561,degraded,safe,full_tracking,5,24.39,nearest_center,0.2784695437229204,1.0,1.0,const2-trial1-tdoa2,mocap_ground_truth
WORKER_05,TAG_005,88,128.003225,-68.76722232841291,192.57957548419742,0.13499995984137048,S068,0.7826,degraded,safe,full_tracking,7,21.74,nearest_center,0.23092886821988745,0.9,1.0,const2-trial3-tdoa2,mocap_ground_truth
WORKER_06,TAG_006,88,138.001893,107.23903953170229,24.19381963954357,0.19000002659857262,S138,0.8151,good,safe,full_tracking,5,18.49,nearest_center,0.4509086915354035,0.9,1.0,const2-trial4-tdoa3,mocap_ground_truth
WORKER_07,TAG_007,88,148.00170400000002,28.92221931967472,110.68202730346762,-0.04299995385110389,S109,0.725,degraded,safe,full_tracking,6,27.5,nearest_center,0.2073633036987907,0.7,1.0,const2-trial6-tdoa2,mocap_ground_truth
WORKER_08,TAG_008,88,158.002384,23.87248239590198,-183.02899675434776,0.41500005044043053,S095,0.3,poor,tracking_lost,no_tracking,0,70.0,continuity_fallback,0.2,0.4,1.0,const3-trial7-tdoa3-manual4,mocap_ground_truth
WORKER_09,TAG_009,88,168.00268599999998,-149.37938322704622,-45.217099066169716,0.6509999922662972,S057,0.7615,degraded,safe,full_tracking,9,23.85,nearest_center,0.2690984161521503,0.4,1.0,const4-trial1-tdoa2-traj2,mocap_ground_truth
WORKER_10,TAG_010,88,178.003837,1.010949300131056,-139.1421938088332,0.38900002755224694,S085,0.6119,degraded,safe,degraded_tracking,2,38.81,nearest_center,0.12562774997872636,0.7,1.0,const4-trial3-tdoa2-traj2,mocap_ground_truth
WORKER_01,TAG_001,89,89.000132,89.1517999052344,-90.38928382127645,0.47100004471838464,S128,0.7328,degraded,safe,full_tracking,15,26.72,nearest_center,0.29903980246320594,0.4,1.0,const4-trial3-tdoa2-traj1,mocap_ground_truth
WORKER_02,TAG_002,89,99.00140999999999,-41.315022908817326,-91.39923448953357,-0.031999976262450325,S073,0.7534,degraded,safe,full_tracking,8,24.66,nearest_center,0.3034246623510102,0.9,1.0,const4-trial1-tdoa3-traj3,mocap_ground_truth
WORKER_03,TAG_003,89,109.00321399999999,-17.90260803457977,-1.238488020420275,0.43099996365606774,S089,0.7491,degraded,safe,full_tracking,4,25.09,nearest_center,0.15204865875661527,0.75,1.0,const1-trial5-tdoa2,mocap_ground_truth
WORKER_04,TAG_004,89,119.002618,-154.7045567646583,-3.533822892490197,0.4719999722391366,S042,0.7435,degraded,safe,full_tracking,6,25.65,bounds_contains,0.38,0.4,1.0,const2-trial1-tdoa2,mocap_ground_truth
WORKER_05,TAG_005,89,129.003225,-38.37699405366766,192.30413339785378,0.04099997796118249,S084,0.7159,degraded,safe,full_tracking,4,28.41,nearest_center,0.21434821178834504,0.7,1.0,const2-trial3-tdoa2,mocap_ground_truth
WORKER_06,TAG_006,89,139.001893,118.3484531024963,46.1372183760487,0.3710000208765267,S138,0.5358,poor,safe,weak_tracking,1,46.42,nearest_center,0.2668154664775334,1.0,1.0,const2-trial4-tdoa3,mocap_ground_truth
WORKER_07,TAG_007,89,149.00170400000002,67.116586227864,137.1242815273104,0.043000071421265496,S109,0.3,poor,tracking_lost,no_tracking,0,70.0,continuity_fallback,0.2,0.4,1.0,const2-trial6-tdoa2,mocap_ground_truth
WORKER_08,TAG_008,89,159.002384,59.77151682624198,-179.99915569458497,0.36799999989569177,S095,0.3,poor,tracking_lost,no_tracking,0,70.0,continuity_fallback,0.2,0.4,1.0,const3-trial7-tdoa3-manual4,mocap_ground_truth
WORKER_09,TAG_009,89,169.00268599999998,-115.40842971985091,-98.37704960019886,0.7380000046640633,S061,0.7383,degraded,safe,full_tracking,8,26.17,nearest_center,0.26871029534523094,0.4,1.0,const4-trial1-tdoa2-traj2,mocap_ground_truth
WORKER_10,TAG_010,89,179.003837,61.14871631295155,-114.90346533073095,0.22100004471838464,S122,0.7454,degraded,safe,full_tracking,10,25.46,nearest_center,0.30889467604533766,0.4,1.0,const4-trial3-tdoa2-traj2,mocap_ground_truth
WORKER_01,TAG_001,90,90.000132,118.3484531024963,-34.10768002287141,0.46999999798834313,S135,0.7465,degraded,safe,full_tracking,8,25.35,nearest_center,0.20180966092240116,0.7,1.0,const4-trial3-tdoa2-traj1,mocap_ground_truth
WORKER_02,TAG_002,90,100.00140999999999,0.09281630899134008,-121.69765603217002,0.05599996365606774,S085,0.6938,degraded,safe,degraded_tracking,2,30.62,nearest_center,0.16188083040127713,0.7,1.0,const4-trial1-tdoa3-traj3,mocap_ground_truth
WORKER_03,TAG_003,90,110.00321399999999,-64.26836957732743,6.014769518620162,0.48900005139410485,S077,0.7905,degraded,safe,full_tracking,7,20.95,nearest_center,0.4146717931887529,0.7,1.0,const1-trial5-tdoa2,mocap_ground_truth
WORKER_04,TAG_004,90,120.002618,-144.69688964922165,-49.89958169898571,0.4690000704675912,S057,0.8041,good,safe,full_tracking,8,19.59,nearest_center,0.3689993756158466,0.7,1.0,const2-trial1-tdoa2,mocap_ground_truth
WORKER_05,TAG_005,90,130.003225,-6.334121469617049,162.46477835078718,-0.025999934300780403,S103,0.7493,degraded,safe,full_tracking,9,25.07,nearest_center,0.24063063485408356,0.4,1.0,const2-trial3-tdoa2,mocap_ground_truth
WORKER_06,TAG_006,90,140.001893,122.75550459397725,66.61160542123113,0.4860000304132699,S138,0.3,poor,tracking_lost,no_tracking,0,70.0,nearest_center,0.13738093565465215,1.0,1.0,const2-trial4-tdoa3,mocap_ground_truth
WORKER_07,TAG_007,90,150.00170400000002,95.76236619744724,138.68511636825477,0.2089999607950448,S109,0.3,poor,tracking_lost,no_tracking,0,70.0,continuity_fallback,0.2,0.4,1.0,const2-trial6-tdoa2,mocap_ground_truth
WORKER_08,TAG_008,90,160.002384,40.12345330383829,-149.70073415194855,0.32000002183020104,S113,0.3,poor,tracking_lost,no_tracking,0,70.0,nearest_center,0.16774701724849536,0.7,1.0,const3-trial7-tdoa3-manual4,mocap_ground_truth
WORKER_09,TAG_009,90,170.00268599999998,-60.87127422660791,-130.69536153434095,0.6229999951273202,S065,0.7271,degraded,safe,full_tracking,7,27.29,nearest_center,0.19370516599373563,0.7,1.0,const4-trial1-tdoa2-traj2,mocap_ground_truth
WORKER_10,TAG_010,90,180.003837,105.12733146307923,-68.81314211198021,0.24799999512732018,S128,0.7848,degraded,safe,full_tracking,8,21.52,nearest_center,0.2187321469018685,0.7,1.0,const4-trial3-tdoa2-traj2,mocap_ground_truth
WORKER_01,TAG_001,91,91.000132,119.1747793615272,28.69267512688119,0.47100004471838464,S137,0.6666,degraded,safe,degraded_tracking,2,33.34,nearest_center,0.13272705939751508,0.7,1.0,const4-trial3-tdoa2-traj1,mocap_ground_truth
WORKER_02,TAG_002,91,101.00140999999999,40.490707594795026,-126.74738748343846,0.19600006856024255,S104,0.7498,degraded,safe,full_tracking,7,25.02,nearest_center,0.19341177745859495,0.7,1.0,const4-trial1-tdoa3-traj3,mocap_ground_truth
WORKER_03,TAG_003,91,111.00321399999999,-102.18729713542524,-0.6876077810954708,0.48400005616247643,S077,0.3,poor,tracking_lost,no_tracking,0,70.0,nearest_center,0.20455976980969523,1.0,1.0,const1-trial5-tdoa2,mocap_ground_truth
WORKER_04,TAG_004,91,121.002618,-119.81547026632327,-91.12379240318994,0.4690000704675912,S061,0.7268,degraded,safe,full_tracking,7,27.32,nearest_center,0.21723446198430763,0.4,1.0,const2-trial1-tdoa2,mocap_ground_truth
WORKER_05,TAG_005,91,131.003225,23.780670191288866,111.69197797172475,-0.05499997816979896,S111,0.7324,degraded,safe,full_tracking,6,26.76,nearest_center,0.1889699509818333,0.7,1.0,const2-trial3-tdoa2,mocap_ground_truth
WORKER_06,TAG_006,91,141.001893,118.62389518883994,84.4234029613554,0.49999996937811364,S138,0.3,poor,tracking_lost,no_tracking,0,70.0,continuity_fallback,0.2,0.4,1.0,const2-trial4-tdoa3,mocap_ground_truth
WORKER_07,TAG_007,91,151.00170400000002,115.8694962154208,119.40430166430353,0.41899999894201745,S109,0.3,poor,tracking_lost,no_tracking,0,70.0,continuity_fallback,0.2,0.4,1.0,const2-trial6-tdoa2,mocap_ground_truth
WORKER_08,TAG_008,91,161.002384,3.9489781552807273,-107.65020813372203,0.29500004567205895,S104,0.8028,good,safe,full_tracking,4,19.72,nearest_center,0.43943123569974546,0.9,1.0,const3-trial7-tdoa3-manual4,mocap_ground_truth
WORKER_09,TAG_009,91,171.00268599999998,1.1027628728702439,-137.5813699128974,0.3910000018030404,S085,0.6203,degraded,safe,degraded_tracking,2,37.97,nearest_center,0.12915679230940322,0.7,1.0,const4-trial1-tdoa2-traj2,mocap_ground_truth
WORKER_10,TAG_010,91,181.003837,119.45022144787085,-6.83910501250206,0.45000001706182946,S130,0.7536,degraded,safe,full_tracking,5,24.64,nearest_center,0.1381193575284024,0.7,1.0,const4-trial3-tdoa2-traj2,mocap_ground_truth
WORKER_01,TAG_001,92,92.000132,93.55884045170676,86.07604453440861,0.47100004471838464,S137,0.3,poor,tracking_lost,no_tracking,0,70.0,continuity_fallback,0.2,0.4,1.0,const4-trial3-tdoa2-traj1,mocap_ground_truth
WORKER_02,TAG_002,92,102.00140999999999,75.37979409313006,-98.74430936365991,0.36300000466406335,S113,0.7993,degraded,safe,full_tracking,7,20.07,nearest_center,0.2004657380712676,0.9,1.0,const4-trial1-tdoa3-traj3,mocap_ground_truth
WORKER_03,TAG_003,92,112.00321399999999,-128.629551359268,-17.581271132969697,0.41899999894201745,S057,0.7161,degraded,safe,full_tracking,3,28.39,nearest_center,0.21614726985180707,0.75,1.0,const1-trial5-tdoa2,mocap_ground_truth
WORKER_04,TAG_004,92,122.002618,-80.15208345805485,-120.96314745025651,0.4730000189691781,S065,0.7996,degraded,safe,full_tracking,8,20.04,nearest_center,0.3284180828437812,0.7,1.0,const2-trial1-tdoa2,mocap_ground_truth
WORKER_05,TAG_005,92,132.003225,52.70188403845928,52.105091027213305,-0.04599997483193885,S118,0.729,degraded,safe,full_tracking,5,27.1,nearest_center,0.16098133505075565,0.75,1.0,const2-trial3-tdoa2,mocap_ground_truth
WORKER_06,TAG_006,92,142.001893,108.79986342763809,101.50068644706187,0.4100000552088021,S138,0.3,poor,tracking_lost,no_tracking,0,70.0,continuity_fallback,0.2,0.4,1.0,const2-trial4-tdoa3,mocap_ground_truth
WORKER_07,TAG_007,92,152.00170400000002,124.95901939470913,78.9145995420128,0.6199999741464852,S109,0.3,poor,tracking_lost,no_tracking,0,70.0,continuity_fallback,0.2,0.4,1.0,const2-trial6-tdoa2,mocap_ground_truth
WORKER_08,TAG_008,92,162.002384,-19.27980888941542,-64.58972597473408,0.2420000723749398,S096,0.7404,degraded,safe,full_tracking,6,25.96,nearest_center,0.25461996867451003,0.4,1.0,const3-trial7-tdoa3-manual4,mocap_ground_truth
WORKER_09,TAG_009,92,172.00268599999998,60.41421320354236,-114.62802324438732,0.21999999798834313,S122,0.7463,degraded,safe,full_tracking,10,25.37,nearest_center,0.30637630780512276,0.4,1.0,const4-trial1-tdoa2-traj2,mocap_ground_truth
WORKER_10,TAG_010,92,182.003837,111.37063799183102,55.68581078715906,0.6689999989420174,S132,0.3,poor,tracking_lost,no_tracking,0,70.0,nearest_center,0.10710896406969996,0.7,1.0,const4-trial3-tdoa2-traj2,mocap_ground_truth
WORKER_01,TAG_001,93,93.000132,45.90769333702022,124.82129287903301,0.4740000656992196,S110,0.3,poor,tracking_lost,no_tracking,0,70.0,nearest_center,0.1589192766922156,0.75,1.0,const4-trial3-tdoa2-traj1,mocap_ground_truth
WORKER_02,TAG_002,93,103.00140999999999,99.34309142989729,-53.93937342700563,0.5520000151544808,S137,0.7891,degraded,safe,full_tracking,6,21.09,nearest_center,0.1703730904112167,0.75,1.0,const4-trial1-tdoa3-traj3,mocap_ground_truth
WORKER_03,TAG_003,93,113.00321399999999,-135.60736646993328,-42.09544580179382,0.31300005234777917,S057,0.8071,good,safe,full_tracking,7,19.29,nearest_center,0.43848177622235873,1.0,1.0,const1-trial5-tdoa2,mocap_ground_truth
WORKER_04,TAG_004,93,123.002618,-33.05181641167736,-136.02053507195302,0.476999967470765,S085,0.6318,degraded,safe,degraded_tracking,2,36.82,nearest_center,0.22430484247365903,0.7,1.0,const2-trial1-tdoa2,mocap_ground_truth
WORKER_05,TAG_005,93,133.003225,77.30787775252689,-1.881182003500025,-0.005999953374266731,S118,0.8157,good,safe,full_tracking,6,18.43,nearest_center,0.2315534291405748,1.0,1.0,const2-trial3-tdoa2,mocap_ground_truth
WORKER_06,TAG_006,93,143.001893,91.5389500602011,115.36450993628361,0.23900005139410485,S138,0.3,poor,tracking_lost,no_tracking,0,70.0,continuity_fallback,0.2,0.4,1.0,const2-trial4-tdoa3,mocap_ground_truth
WORKER_07,TAG_007,93,153.00170400000002,118.89933727518356,29.15174162245105,0.7720000437647103,S132,0.6763,degraded,safe,degraded_tracking,2,32.37,nearest_center,0.18343746413913978,0.75,1.0,const2-trial6-tdoa2,mocap_ground_truth
WORKER_08,TAG_008,93,163.002384,-19.922502530463653,-20.794739338210853,0.16899999894201745,S086,0.6152,degraded,safe,degraded_tracking,2,38.48,nearest_center,0.19413073737986442,0.9,1.0,const3-trial7-tdoa3-manual4,mocap_ground_truth
WORKER_09,TAG_009,93,173.00268599999998,103.75013197636964,-68.81314211198021,0.24299999989569177,S128,0.7876,degraded,safe,full_tracking,8,21.24,nearest_center,0.2227233087139812,0.7,1.0,const4-trial1-tdoa2-traj2,mocap_ground_truth
WORKER_10,TAG_010,93,183.003837,76.481551493496,106.27498675699526,0.7340000561624764,S121,0.3,poor,tracking_lost,no_tracking,0,70.0,nearest_center,0.1,0.4,1.0,const4-trial3-tdoa2-traj2,mocap_ground_truth
WORKER_01,TAG_001,94,94.000132,-13.862819042812008,138.68511636825477,0.476999967470765,S102,0.7948,degraded,safe,full_tracking,16,20.52,nearest_center,0.5615975187666487,0.7,1.0,const4-trial3-tdoa2-traj1,mocap_ground_truth
WORKER_02,TAG_002,94,104.00140999999999,117.61395546559142,-13.725109286680306,0.7240000656992196,S137,0.8075,good,safe,full_tracking,8,19.25,nearest_center,0.4261069277483559,1.0,1.0,const4-trial1-tdoa3-traj3,mocap_ground_truth
WORKER_03,TAG_003,94,114.00321399999999,-121.46811183937648,-72.02660758096923,0.19100007332861413,S056,0.7486,degraded,safe,full_tracking,5,25.14,nearest_center,0.2768217209023032,0.9,1.0,const1-trial5-tdoa2,mocap_ground_truth
WORKER_04,TAG_004,94,124.002618,15.333837916796597,-132.53162751662038,0.4730000189691781,S104,0.7328,degraded,safe,full_tracking,4,26.72,nearest_center,0.24110595909678445,0.7,1.0,const2-trial1-tdoa2,mocap_ground_truth
WORKER_05,TAG_005,94,134.003225,99.71034024834974,-35.11762795487639,0.07000002183020104,S136,0.7319,degraded,safe,full_tracking,13,26.81,nearest_center,0.23353689522320478,0.4,1.0,const2-trial3-tdoa2,mocap_ground_truth
WORKER_06,TAG_006,94,144.001893,69.4119241782176,126.19849236574258,0.037000029459595574,S138,0.3,poor,tracking_lost,no_tracking,0,70.0,continuity_fallback,0.2,0.4,1.0,const2-trial4-tdoa3,mocap_ground_truth
WORKER_07,TAG_007,94,154.00170400000002,100.35303115314582,-27.221677116819244,0.8410000494867562,S132,0.8158,good,safe,full_tracking,7,18.42,nearest_center,0.22671196717508105,1.0,1.0,const2-trial6-tdoa2,mocap_ground_truth
WORKER_08,TAG_008,94,164.002384,8.080580719787676,12.992587023506077,-0.07299998484551917,S106,0.7685,degraded,safe,full_tracking,11,23.15,nearest_center,0.34587407472621323,0.75,1.0,const3-trial7-tdoa3-manual4,mocap_ground_truth
WORKER_09,TAG_009,94,174.00268599999998,122.11280274417258,-8.21630586733771,0.4469999960809945,S130,0.7586,degraded,safe,full_tracking,4,24.14,nearest_center,0.1335124409892878,0.7,1.0,const4-trial1-tdoa2-traj2,mocap_ground_truth
WORKER_10,TAG_010,94,184.003837,22.21984082284877,137.03247479520158,0.5949999979883431,S110,0.7343,degraded,safe,full_tracking,6,26.57,nearest_center,0.2025144600418864,0.7,1.0,const4-trial3-tdoa2-traj2,mocap_ground_truth
WORKER_01,TAG_001,95,95.000132,-76.20410940715234,125.83124354729014,0.4740000656992196,S093,0.7979,degraded,safe,full_tracking,7,20.21,nearest_center,0.16677295579227314,0.9,1.0,const4-trial3-tdoa2-traj1,mocap_ground_truth
WORKER_02,TAG_002,95,105.00140999999999,121.28648743015027,1.9749803665251262,0.8649999789148568,S137,0.8121,good,safe,full_tracking,5,18.79,nearest_center,0.3332387332748804,1.0,1.0,const4-trial1-tdoa3-traj3,mocap_ground_truth
WORKER_03,TAG_003,95,115.00321399999999,-91.16969029674004,-95.07176645409244,0.08199998654425134,S073,0.7494,degraded,safe,full_tracking,5,25.06,nearest_center,0.21765323422553706,0.75,1.0,const1-trial5-tdoa2,mocap_ground_truth
WORKER_04,TAG_004,95,125.002618,60.68964981738169,-112.69993958499047,0.47100004471838464,S122,0.7948,degraded,safe,full_tracking,12,20.52,nearest_center,0.5698859273378806,0.7,1.0,const2-trial1-tdoa2,mocap_ground_truth
WORKER_05,TAG_005,95,135.003225,114.12503696525017,-41.360937219880334,0.17599996842443932,S136,0.8119,good,safe,full_tracking,9,18.81,nearest_center,0.507541969123886,1.0,1.0,const2-trial3-tdoa2,mocap_ground_truth
WORKER_06,TAG_006,95,145.001893,42.14334916784824,135.47163995425717,-0.15099999390542518,S111,0.3,poor,tracking_lost,no_tracking,0,70.0,nearest_center,0.17591397602670908,0.75,1.0,const2-trial4-tdoa3,mocap_ground_truth
WORKER_07,TAG_007,95,155.00170400000002,74.36984342487293,-77.81085308665546,0.8139999798685311,S114,0.7736,degraded,safe,full_tracking,7,22.64,nearest_center,0.21075785190666596,0.75,1.0,const2-trial6-tdoa2,mocap_ground_truth
WORKER_08,TAG_008,95,165.002384,68.21834910073424,15.838802305916563,-0.3499999948590995,S126,0.7611,degraded,safe,full_tracking,10,23.89,nearest_center,0.3307748567140444,0.7,1.0,const3-trial7-tdoa3-manual4,mocap_ground_truth
WORKER_09,TAG_009,95,175.00268599999998,112.1051465737445,54.4004235050626,0.6689999989420174,S132,0.3,poor,tracking_lost,no_tracking,0,70.0,nearest_center,0.11051890604087895,0.7,1.0,const4-trial1-tdoa2-traj2,mocap_ground_truth
WORKER_10,TAG_010,95,185.003837,-39.019687694715884,136.20614853617067,0.36799999989569177,S093,0.7279,degraded,safe,full_tracking,14,27.21,nearest_center,0.22927169045411128,0.4,1.0,const4-trial3-tdoa2-traj2,mocap_ground_truth
WORKER_01,TAG_001,96,96.000132,-125.78333470873143,85.89241465267808,0.47499999321997155,S045,0.3,poor,tracking_lost,no_tracking,0,70.0,nearest_center,0.17788078762102824,0.75,1.0,const4-trial3-tdoa2-traj1,mocap_ground_truth
WORKER_02,TAG_002,96,106.00140999999999,113.75778814679772,-10.23620036322159,0.9680000237375497,S137,0.8212,good,safe,full_tracking,10,17.88,nearest_center,0.5469214934587412,1.0,1.0,const4-trial1-tdoa3-traj3,mocap_ground_truth
WORKER_03,TAG_003,96,116.00321399999999,-49.94547959253582,-109.30284970677525,0.01100000657141198,S073,0.8321,good,safe,full_tracking,4,16.79,nearest_center,0.31560048654991146,1.0,1.0,const1-trial5-tdoa2,mocap_ground_truth
WORKER_04,TAG_004,96,126.002618,96.31325037013451,-79.09624036875192,0.4719999722391366,S128,0.7675,degraded,safe,full_tracking,12,23.25,nearest_center,0.25346393880591916,0.7,1.0,const2-trial1-tdoa2,mocap_ground_truth
WORKER_05,TAG_005,96,136.003225,121.47011183937649,-19.509352056114388,0.30599996365606774,S136,0.8107,good,safe,full_tracking,5,18.93,nearest_center,0.32518760125211804,1.0,1.0,const2-trial3-tdoa2,mocap_ground_truth
WORKER_06,TAG_006,96,146.001893,11.569488275120321,139.97049817784693,-0.28000000201165687,S111,0.8205,good,safe,full_tracking,9,17.95,nearest_center,0.5421761656562293,1.0,1.0,const2-trial4-tdoa3,mocap_ground_truth
WORKER_07,TAG_007,96,156.00170400000002,38.47081173078507,-116.73973131301038,0.6960000685602425,S113,0.8405,good,safe,full_tracking,8,15.95,nearest_center,0.6550133215127725,0.9,1.0,const2-trial6-tdoa2,mocap_ground_truth
WORKER_08,TAG_008,96,166.002384,118.4402707796137,-24.100021116191193,-0.33100000105798255,S131,0.7542,degraded,safe,full_tracking,7,24.58,nearest_center,0.1861555739291856,0.7,1.0,const3-trial7-tdoa3-manual4,mocap_ground_truth
WORKER_09,TAG_009,96,176.00268599999998,76.11429720253925,103.61239451568493,0.7340000561624764,S121,0.3,poor,tracking_lost,no_tracking,0,70.0,nearest_center,0.1,0.4,1.0,const4-trial1-tdoa2-traj2,mocap_ground_truth
WORKER_10,TAG_010,96,186.003837,-98.60657737547949,111.14109379903748,0.21600004948675622,S067,0.7684,degraded,safe,full_tracking,9,23.16,nearest_center,0.20287495532930125,0.7,1.0,const4-trial3-tdoa2-traj2,mocap_ground_truth
WORKER_01,TAG_001,97,97.000132,-153.97004818274482,30.528943845412776,0.47499999321997155,S044,0.7831,degraded,safe,full_tracking,6,21.69,nearest_center,0.31379763308227543,0.9,1.0,const4-trial3-tdoa2-traj1,mocap_ground_truth
WORKER_02,TAG_002,97,107.00140999999999,95.76236619744724,-50.63409028089921,1.0060000113397836,S137,0.8247,good,safe,full_tracking,6,17.53,nearest_center,0.2420850856910271,1.0,1.0,const4-trial1-tdoa3-traj3,mocap_ground_truth
WORKER_03,TAG_003,97,117.00321399999999,-2.110705332370914,-111.87362427096816,0.004999964609742058,S095,0.6827,degraded,safe,degraded_tracking,2,31.73,nearest_center,0.1808586096436849,0.4,1.0,const1-trial5-tdoa2,mocap_ground_truth
WORKER_04,TAG_004,97,127.002618,117.52213778847398,-34.750373663919646,0.47600003995001305,S135,0.7432,degraded,safe,full_tracking,9,25.68,nearest_center,0.2054635478675315,0.7,1.0,const2-trial1-tdoa2,mocap_ground_truth
WORKER_05,TAG_005,97,137.003225,121.65373624860273,21.347604357133086,0.44500002183020104,S137,0.7819,degraded,safe,full_tracking,3,21.81,nearest_center,0.2050171686702498,0.9,1.0,const2-trial3-tdoa2,mocap_ground_truth
WORKER_06,TAG_006,97,147.001893,-20.106129333910506,139.78687376862072,-0.30499997816979896,S102,0.8026,good,safe,full_tracking,17,19.74,nearest_center,0.5097032403070717,0.9,1.0,const2-trial4-tdoa3,mocap_ground_truth
WORKER_07,TAG_007,97,157.00170400000002,-1.1007587684920104,-134.64333558524345,0.5220000437647103,S104,0.67,degraded,safe,degraded_tracking,2,33.0,nearest_center,0.2782692799922887,0.9,1.0,const2-trial6-tdoa2,mocap_ground_truth
WORKER_08,TAG_008,97,167.002384,137.07838363376027,-74.13831564959229,-0.025999934300780403,S139,0.4978,poor,safe,weak_tracking,1,50.22,nearest_center,0.1695253080113933,0.75,1.0,const3-trial7-tdoa3-manual4,mocap_ground_truth
WORKER_09,TAG_009,97,177.00268599999998,21.485334977187424,135.0125734586873,0.604000060930848,S110,0.7316,degraded,safe,full_tracking,7,26.84,nearest_center,0.21156730551261152,0.7,1.0,const4-trial1-tdoa2-traj2,mocap_ground_truth
WORKER_10,TAG_010,97,187.003837,-142.12611508502872,63.03088018878109,0.26500007428228844,S045,0.7482,degraded,safe,full_tracking,3,25.18,nearest_center,0.25390304042833256,0.75,1.0,const4-trial3-tdoa2-traj2,mocap_ground_truth
WORKER_01,TAG_001,98,98.000132,-153.78642377351858,-32.27141404059198,0.47499999321997155,S041,0.7456,degraded,safe,full_tracking,11,25.44,bounds_contains,0.38,0.4,1.0,const4-trial3-tdoa2-traj1,mocap_ground_truth
WORKER_02,TAG_002,98,108.00140999999999,68.585603391691,-96.81622570426306,0.9899999789148568,S114,0.7691,degraded,safe,full_tracking,11,23.09,nearest_center,0.2134021825117299,0.75,1.0,const4-trial1-tdoa3-traj3,mocap_ground_truth
WORKER_03,TAG_003,98,118.00321399999999,41.59246499516097,-102.32502365110136,0.06399997986853112,S113,0.783,degraded,safe,full_tracking,11,21.7,nearest_center,0.302592713277135,0.7,1.0,const1-trial5-tdoa2,mocap_ground_truth
WORKER_04,TAG_004,98,128.00261799999998,122.75550459397725,13.727094237293496,0.4719999722391366,S137,0.7408,degraded,safe,full_tracking,5,25.92,nearest_center,0.1873116788677969,0.7,1.0,const2-trial1-tdoa2,mocap_ground_truth
WORKER_05,TAG_005,98,138.003225,115.8694962154208,70.37595506290741,0.5819999865442513,S138,0.3,poor,tracking_lost,no_tracking,0,70.0,nearest_center,0.11194632221381283,0.9,1.0,const2-trial3-tdoa2,mocap_ground_truth
WORKER_06,TAG_006,98,148.001893,-51.41449402011065,137.03247479520158,-0.22900000296533118,S093,0.7896,degraded,safe,full_tracking,13,21.04,nearest_center,0.31271505122647303,0.9,1.0,const2-trial4-tdoa3,mocap_ground_truth
WORKER_07,TAG_007,98,158.00170400000002,-42.32496810457016,-131.88893661182428,0.3350000075250863,S085,0.7367,degraded,safe,full_tracking,3,26.33,nearest_center,0.2414147032823484,0.7,1.0,const2-trial6-tdoa2,mocap_ground_truth
WORKER_08,TAG_008,98,168.002384,101.08753973505931,-103.15134991013227,0.2349999836832284,S133,0.8139,good,safe,full_tracking,8,18.61,nearest_center,0.2544207438446035,0.9,1.0,const3-trial7-tdoa3-manual4,mocap_ground_truth
WORKER_09,TAG_009,98,178.00268599999998,-38.56062119914603,137.39972361365403,0.37200006760656823,S093,0.7291,degraded,safe,full_tracking,14,27.09,nearest_center,0.2393873086137006,0.4,1.0,const4-trial1-tdoa2-traj2,mocap_ground_truth
WORKER_10,TAG_010,98,188.003837,-157.36713806096003,3.994874851720522,0.47499999321997155,S044,0.7748,degraded,safe,full_tracking,8,22.52,nearest_center,0.2548208767507637,0.9,1.0,const4-trial3-tdoa2-traj2,mocap_ground_truth
WORKER_01,TAG_001,99,99.000132,-125.69152797662261,-87.26763055690056,0.4730000189691781,S056,0.7396,degraded,safe,full_tracking,7,26.04,nearest_center,0.1909065023277934,0.7,1.0,const4-trial3-tdoa2-traj1,mocap_ground_truth
WORKER_02,TAG_002,99,109.00140999999999,31.768433233959126,-129.77722854320123,0.9109999827295541,S104,0.7508,degraded,safe,full_tracking,5,24.92,nearest_center,0.2174172240579024,0.7,1.0,const4-trial1-tdoa3-traj3,mocap_ground_truth
WORKER_03,TAG_003,99,119.00321399999999,76.38973928888288,-80.47343985546149,0.1720000199228524,S114,0.7817,degraded,safe,full_tracking,8,21.83,nearest_center,0.24148005359432342,0.9,1.0,const1-trial5-tdoa2,mocap_ground_truth
WORKER_04,TAG_004,99,129.00261799999998,110.81976476415234,60.09285680613572,0.47100004471838464,S138,0.3,poor,tracking_lost,no_tracking,0,70.0,nearest_center,0.1727041527816138,0.9,1.0,const2-trial1-tdoa2,mocap_ground_truth
WORKER_05,TAG_005,99,139.003225,102.6483636309951,107.92762833004848,0.7140000752359628,S138,0.3,poor,tracking_lost,no_tracking,0,70.0,continuity_fallback,0.2,0.4,1.0,const2-trial3-tdoa2,mocap_ground_truth
WORKER_06,TAG_006,99,149.001893,-81.43747074015131,132.62543424872922,-0.06899997673928748,S067,0.7709,degraded,safe,full_tracking,13,22.91,nearest_center,0.36700899427384104,0.7,1.0,const2-trial4-tdoa3,mocap_ground_truth
WORKER_07,TAG_007,99,159.00170400000002,-82.72285802224778,-105.813931206434,0.18800005234777917,S065,0.7748,degraded,safe,full_tracking,10,22.52,nearest_center,0.37303332537656686,0.7,1.0,const2-trial6-tdoa2,mocap_ground_truth
WORKER_08,TAG_008,99,169.002384,40.9497740903649,-117.01517339935403,0.511000006571412,S113,0.7521,degraded,safe,full_tracking,8,24.79,nearest_center,0.26694764125411513,0.4,1.0,const3-trial7-tdoa3-manual4,mocap_ground_truth
WORKER_09,TAG_009,99,179.00268599999998,-96.67849371608264,112.61011096286447,0.21699997700750817,S067,0.7653,degraded,safe,full_tracking,10,23.47,nearest_center,0.21179145709510339,0.7,1.0,const4-trial1-tdoa2-traj2,mocap_ground_truth
WORKER_10,TAG_010,99,189.003837,-143.96239201231674,-57.06102669138152,0.6860000780969857,S056,0.7445,degraded,safe,full_tracking,10,25.55,nearest_center,0.2583200049311896,0.4,1.0,const4-trial3-tdoa2-traj2,mocap_ground_truth
WORKER_01,TAG_001,100,100.000132,-74.45965562948602,-125.46200567384629,0.4740000656992196,S085,0.7849,degraded,safe,full_tracking,4,21.51,nearest_center,0.1711446603757036,0.75,1.0,const4-trial3-tdoa2-traj1,mocap_ground_truth
WORKER_02,TAG_002,100,110.00140999999999,-6.97681511066528,-132.71526287085518,0.7850000552088021,S095,0.6787,degraded,safe,degraded_tracking,2,32.13,nearest_center,0.30876298203983765,0.9,1.0,const4-trial1-tdoa3-traj3,mocap_ground_truth
WORKER_03,TAG_003,100,120.00321399999999,95.4869241111036,-52.929422758748494,0.2909999779611825,S123,0.7211,degraded,safe,degraded_tracking,2,27.89,nearest_center,0.18379160739186665,0.9,1.0,const1-trial5-tdoa2,mocap_ground_truth
WORKER_04,TAG_004,100,130.00261799999998,83.18393546282624,99.29717164632999,0.47100004471838464,S121,0.3,poor,tracking_lost,no_tracking,0,70.0,nearest_center,0.1,0.75,1.0,const2-trial1-tdoa2,mocap_ground_truth
WORKER_05,TAG_005,100,140.003225,82.44942688091275,127.02480767976489,0.8269999913126229,S138,0.3,poor,tracking_lost,no_tracking,0,70.0,continuity_fallback,0.2,0.4,1.0,const2-trial3-tdoa2,mocap_ground_truth
WORKER_06,TAG_006,100,150.001893,-107.97153716860717,123.07683362886239,0.1410000018030404,S063,0.8344,good,safe,full_tracking,10,16.56,nearest_center,0.5486215309256445,0.9,1.0,const2-trial4-tdoa3,mocap_ground_truth
WORKER_07,TAG_007,100,160.00170400000002,-115.59205412907714,-63.2125264880245,0.1149999789148568,S061,0.6013,degraded,safe,degraded_tracking,2,39.87,nearest_center,0.1694160664977664,0.7,1.0,const2-trial6-tdoa2,mocap_ground_truth
WORKER_08,TAG_008,100,170.002384,-5.9668678627233405,-88.3693934297708,0.6110000304132699,S104,0.6571,degraded,safe,degraded_tracking,2,34.29,nearest_center,0.257469569554373,0.9,1.0,const3-trial7-tdoa3-manual4,mocap_ground_truth
WORKER_09,TAG_009,100,180.00268599999998,-139.8307826071794,64.04083085703822,0.2599999598413705,S045,0.6592,degraded,safe,degraded_tracking,2,34.08,nearest_center,0.246162612991855,0.75,1.0,const4-trial1-tdoa2-traj2,mocap_ground_truth
WORKER_10,TAG_010,100,190.003837,-104.75807169961816,-105.63030679720778,0.7319999627023934,S060,0.757,degraded,safe,full_tracking,9,24.3,bounds_contains,0.38,0.4,1.0,const4-trial3-tdoa2-traj2,mocap_ground_truth
WORKER_01,TAG_001,101,101.000132,-13.036498598316923,-137.76499432212364,0.47100004471838464,S095,0.5727,poor,safe,weak_tracking,1,42.73,nearest_center,0.2844593025589886,0.9,1.0,const4-trial3-tdoa2-traj1,mocap_ground_truth
WORKER_02,TAG_002,101,111.00140999999999,-50.1291067380142,-106.5484397883475,0.6130000046640633,S085,0.8193,good,safe,full_tracking,4,18.07,nearest_center,0.27069550348353727,0.9,1.0,const4-trial1-tdoa3-traj3,mocap_ground_truth
WORKER_03,TAG_003,101,121.00321399999999,97.41500777050045,-26.119916980201154,0.4029999665170907,S129,0.79,degraded,safe,full_tracking,6,21.0,nearest_center,0.16603005159627535,0.7,1.0,const1-trial5-tdoa2,mocap_ground_truth
WORKER_04,TAG_004,101,131.00261799999998,42.96966995437485,127.30024976610852,0.4740000656992196,S110,0.3,poor,tracking_lost,no_tracking,0,70.0,nearest_center,0.15682201058323453,0.7,1.0,const2-trial1-tdoa2,mocap_ground_truth
WORKER_05,TAG_005,101,141.003225,56.74167576647919,120.23061697832583,0.9220000199228524,S121,0.3,poor,tracking_lost,no_tracking,0,70.0,nearest_center,0.12019212014478389,0.75,1.0,const2-trial3-tdoa2,mocap_ground_truth
WORKER_06,TAG_006,101,151.001893,-128.8131757684942,110.59022057135881,0.33199998654425134,S058,0.7892,degraded,safe,full_tracking,9,21.08,nearest_center,0.34661911603108186,0.7,1.0,const2-trial4-tdoa3,mocap_ground_truth
WORKER_07,TAG_007,101,161.00170400000002,-139.8307826071794,-9.868946072264844,0.13900002755224694,S043,0.6542,degraded,safe,degraded_tracking,2,34.58,nearest_center,0.18355894643643275,0.75,1.0,const2-trial6-tdoa2,mocap_ground_truth
WORKER_08,TAG_008,101,171.002384,-24.237731898417454,-39.432856296735636,0.4719999722391366,S086,0.7709,degraded,safe,full_tracking,5,22.91,nearest_center,0.24729767000362424,0.75,1.0,const3-trial7-tdoa3-manual4,mocap_ground_truth
WORKER_09,TAG_009,101,181.00268599999998,-157.27533132885122,5.463889108279599,0.4730000189691781,S044,0.7771,degraded,safe,full_tracking,8,22.29,nearest_center,0.2613745967947049,0.9,1.0,const4-trial1-tdoa2-traj2,mocap_ground_truth
WORKER_10,TAG_010,101,191.003837,-49.57822530157908,-136.6632369217577,0.5769999913126229,S072,0.7231,degraded,safe,full_tracking,3,27.69,nearest_center,0.20527214395836396,0.7,1.0,const4-trial3-tdoa2-traj2,mocap_ground_truth
WORKER_01,TAG_001,102,102.000132,50.03929726965325,-122.79941343253596,0.4730000189691781,S104,0.802,good,safe,full_tracking,6,19.8,nearest_center,0.20716056270092653,0.9,1.0,const4-trial3-tdoa2-traj1,mocap_ground_truth
WORKER_02,TAG_002,102,112.00140999999999,-88.32347364620348,-59.81543113730497,0.4360000780969857,S073,0.6971,degraded,safe,full_tracking,4,30.29,nearest_center,0.1671799591003751,0.7,1.0,const4-trial1-tdoa3-traj3,mocap_ground_truth
WORKER_03,TAG_003,102,122.00321399999999,79.97045904882864,-4.911023405294328,0.47499999321997155,S131,0.7593,degraded,safe,full_tracking,16,24.07,nearest_center,0.2951323799191881,0.7,1.0,const1-trial5-tdoa2,mocap_ground_truth
WORKER_04,TAG_004,102,132.00261799999998,-4.314226973733168,139.97049817784693,0.479000060930848,S111,0.812,good,safe,full_tracking,14,18.8,nearest_center,0.4765702103452277,0.9,1.0,const2-trial1-tdoa2,mocap_ground_truth
WORKER_05,TAG_005,102,142.003225,26.71869904643854,83.04620347464582,0.979000060930848,S121,0.8715,good,safe,full_tracking,8,12.85,nearest_center,0.7329942551254689,1.0,1.0,const2-trial3-tdoa2,mocap_ground_truth
WORKER_06,TAG_006,102,152.001893,-144.5132652399954,95.99188850022357,0.46199998177587975,S058,0.7848,degraded,safe,full_tracking,8,21.52,nearest_center,0.3496894812546525,1.0,1.0,const2-trial4-tdoa3,mocap_ground_truth
WORKER_07,TAG_007,102,162.00170400000002,-152.2255889325742,45.95359123057033,0.2529999903589486,S044,0.7558,degraded,safe,full_tracking,6,24.42,nearest_center,0.2737073025689183,0.9,1.0,const2-trial6-tdoa2,mocap_ground_truth
WORKER_08,TAG_008,102,172.002384,-22.493277436688096,4.821195296215608,0.2729999712854623,S098,0.7642,degraded,safe,full_tracking,6,23.58,nearest_center,0.20945391232692906,0.75,1.0,const3-trial7-tdoa3-manual4,mocap_ground_truth
WORKER_09,TAG_009,102,182.00268599999998,-145.2477738219089,-56.69377240042477,0.6830000571161507,S056,0.7477,degraded,safe,full_tracking,10,25.23,nearest_center,0.257874232726116,0.4,1.0,const4-trial1-tdoa2-traj2,mocap_ground_truth
WORKER_10,TAG_010,102,192.003837,14.415704925656879,-133.81702027122114,0.34199997700750817,S095,0.7207,degraded,safe,full_tracking,4,27.93,nearest_center,0.18172073233866734,0.7,1.0,const4-trial3-tdoa2-traj2,mocap_ground_truth
WORKER_01,TAG_001,103,103.000132,97.1395656841568,-80.74888194180512,0.46999999798834313,S135,0.7856,degraded,safe,full_tracking,10,21.44,nearest_center,0.24978338759828314,0.75,1.0,const4-trial3-tdoa2-traj1,mocap_ground_truth
WORKER_02,TAG_002,103,113.00140999999999,-115.77567853830335,-10.144386790482404,0.26299998082220544,S057,0.3,poor,tracking_lost,no_tracking,0,70.0,nearest_center,0.15107959181162858,0.75,1.0,const4-trial1-tdoa3-traj3,mocap_ground_truth
WORKER_03,TAG_003,103,123.00321399999999,46.5503897143206,6.10658274932783,0.48800000466406335,S125,0.813,good,safe,full_tracking,9,18.7,nearest_center,0.2876583358744525,0.9,1.0,const1-trial5-tdoa2,mocap_ground_truth
WORKER_04,TAG_004,103,133.00261799999998,-52.51625415672875,135.19620881292215,0.476999967470765,S093,0.7628,degraded,safe,full_tracking,13,23.72,nearest_center,0.23858131994559392,0.7,1.0,const2-trial1-tdoa2,mocap_ground_truth
WORKER_05,TAG_005,103,143.003225,-5.140547076196736,27.04003629008013,1.0029999903589486,S088,0.7786,degraded,safe,full_tracking,8,22.14,nearest_center,0.19771041198580983,0.75,1.0,const2-trial3-tdoa2,mocap_ground_truth
WORKER_06,TAG_006,103,153.001893,-154.06186585986222,77.99646655087308,0.507999985590577,S047,0.808,good,safe,full_tracking,5,19.2,nearest_center,0.22699450478202265,0.9,1.0,const2-trial4-tdoa3,mocap_ground_truth
WORKER_07,TAG_007,103,163.00170400000002,-153.69460609640117,93.69655602237427,0.4400000265985726,S045,0.791,degraded,safe,full_tracking,7,20.9,nearest_center,0.30060218399284905,0.9,1.0,const2-trial6-tdoa2,mocap_ground_truth
WORKER_08,TAG_008,103,173.002384,17.445545985419667,27.5909149902631,0.3350000075250863,S107,0.8085,good,safe,full_tracking,12,19.15,nearest_center,0.39127436506934454,0.9,1.0,const3-trial7-tdoa3-manual4,mocap_ground_truth
WORKER_09,TAG_009,103,183.00268599999998,-105.67620469075788,-104.80399148318547,0.7340000561624764,S060,0.755,degraded,safe,full_tracking,9,24.5,bounds_contains,0.38,0.4,1.0,const4-trial1-tdoa2-traj2,mocap_ground_truth
WORKER_10,TAG_010,103,193.003837,71.79906886068001,-108.9355899433142,0.2110000542551278,S122,0.7308,degraded,safe,full_tracking,11,26.92,nearest_center,0.1904901759176073,0.4,1.0,const4-trial3-tdoa2-traj2,mocap_ground_truth
WORKER_01,TAG_001,104,104.000132,119.1747793615272,-22.355567338524878,0.47100004471838464,S136,0.7961,degraded,safe,full_tracking,6,20.39,nearest_center,0.3130233122118393,0.9,1.0,const4-trial3-tdoa2-traj1,mocap_ground_truth
WORKER_02,TAG_002,104,114.00140999999999,-138.82084288393088,18.317763297370306,0.10699996270239343,S042,0.6002,degraded,safe,degraded_tracking,2,39.98,nearest_center,0.16440249800791548,0.7,1.0,const4-trial1-tdoa3-traj3,mocap_ground_truth
WORKER_03,TAG_003,104,124.00321399999999,3.2144709414933104,3.6276214158425724,0.44899997033178796,S117,0.7006,degraded,safe,degraded_tracking,2,29.94,nearest_center,0.19633164651916948,0.9,1.0,const1-trial5-tdoa2,mocap_ground_truth
WORKER_04,TAG_004,104,134.00261799999998,-97.32119009338302,112.7937353720907,0.4730000189691781,S067,0.7658,degraded,safe,full_tracking,10,23.42,nearest_center,0.21174128325329708,0.7,1.0,const2-trial1-tdoa2,mocap_ground_truth
WORKER_05,TAG_005,104,144.003225,-35.80621812134866,-35.484882245833134,0.9909999064356088,S076,0.7447,degraded,safe,full_tracking,6,25.53,nearest_center,0.1807319661541117,0.7,1.0,const2-trial3-tdoa2,mocap_ground_truth
WORKER_06,TAG_006,104,154.001893,-155.3472476694544,58.25658535135199,0.44500002183020104,S046,0.7542,degraded,safe,full_tracking,9,24.58,nearest_center,0.2518914092416977,0.9,1.0,const2-trial4-tdoa3,mocap_ground_truth
WORKER_07,TAG_007,104,164.00170400000002,-142.9524413440596,127.48388512034334,0.6529999665170907,S059,0.7437,degraded,safe,full_tracking,12,25.63,nearest_center,0.27182178096741405,0.4,1.0,const2-trial6-tdoa2,mocap_ground_truth
WORKER_08,TAG_008,104,174.002384,68.40197350996047,-5.002836978033515,0.5090000323206185,S125,0.7288,degraded,safe,full_tracking,13,27.12,nearest_center,0.19196593473181714,0.4,1.0,const3-trial7-tdoa3-manual4,mocap_ground_truth
WORKER_09,TAG_009,104,184.00268599999998,-50.1291067380142,-134.82697093947826,0.5819999865442513,S072,0.7335,degraded,safe,full_tracking,3,26.65,nearest_center,0.21349592365042275,0.7,1.0,const4-trial1-tdoa2-traj2,mocap_ground_truth
WORKER_10,TAG_010,104,194.003837,112.47240633720556,-57.79553527329501,0.2800000599771737,S135,0.7335,degraded,safe,full_tracking,9,26.65,nearest_center,0.2635680323804302,0.4,1.0,const4-trial3-tdoa2-traj2,mocap_ground_truth
WORKER_01,TAG_001,105,105.000132,115.59405412907715,39.89390911104476,0.4719999722391366,S138,0.6332,degraded,safe,degraded_tracking,2,36.68,nearest_center,0.21635386922367236,0.7,1.0,const4-trial3-tdoa2-traj1,mocap_ground_truth
WORKER_02,TAG_002,105,115.00140999999999,-152.1337822004654,15.012481519389958,-0.005999953374266731,S042,0.7809,degraded,safe,full_tracking,7,21.91,nearest_center,0.2924303353853172,1.0,1.0,const4-trial1-tdoa3-traj3,mocap_ground_truth
WORKER_03,TAG_003,105,125.00321399999999,-43.97760967762336,-12.531534209196955,0.34499999798834313,S075,0.7342,degraded,safe,full_tracking,5,26.58,nearest_center,0.21080423900512207,0.75,1.0,const1-trial5-tdoa2,mocap_ground_truth
WORKER_04,TAG_004,105,135.00261799999998,-132.02665218249183,78.54734525105606,0.46699997700750817,S045,0.6156,degraded,safe,degraded_tracking,2,38.44,nearest_center,0.2153031003312271,0.75,1.0,const2-trial1-tdoa2,mocap_ground_truth
WORKER_05,TAG_005,105,145.003225,-65.00287815924094,-88.55301783899702,0.9410000733286141,S073,0.7454,degraded,safe,full_tracking,6,25.46,nearest_center,0.3317196054173579,0.4,1.0,const2-trial3-tdoa2,mocap_ground_truth
WORKER_06,TAG_006,105,155.001893,-148.82849905435896,38.241267537991554,0.29500004567205895,S045,0.7524,degraded,safe,full_tracking,4,24.76,nearest_center,0.22000640011824546,0.9,1.0,const2-trial4-tdoa3,mocap_ground_truth
WORKER_07,TAG_007,105,165.00170400000002,-119.99909467554949,140.88863116898668,0.8419999770075082,S059,0.7899,degraded,safe,full_tracking,10,21.01,nearest_center,0.3432357431186249,1.0,1.0,const2-trial6-tdoa2,mocap_ground_truth
WORKER_08,TAG_008,105,175.002384,99.06764934355365,-66.24236754778728,0.5980000189691781,S130,0.7615,degraded,safe,full_tracking,10,23.85,nearest_center,0.19613166720344047,0.7,1.0,const3-trial7-tdoa3-manual4,mocap_ground_truth
WORKER_09,TAG_009,105,185.00268599999998,12.854875557216783,-135.1024020808133,0.3469999722391366,S095,0.714,degraded,safe,full_tracking,4,28.6,nearest_center,0.18332855085844482,0.7,1.0,const4-trial1-tdoa2-traj2,mocap_ground_truth
WORKER_10,TAG_010,105,195.003837,121.37829416225908,5.004822270678222,0.49700006760656823,S137,0.7551,degraded,safe,full_tracking,6,24.49,nearest_center,0.2225149265507413,0.7,1.0,const4-trial3-tdoa2-traj2,mocap_ground_truth
WORKER_01,TAG_001,106,106.000132,85.75471002701917,93.9719981087179,0.4719999722391366,S121,0.3,poor,tracking_lost,no_tracking,0,70.0,nearest_center,0.1,0.75,1.0,const4-trial3-tdoa2-traj1,mocap_ground_truth
WORKER_02,TAG_002,106,116.00140999999999,-156.9998892425076,-13.908735064032605,-0.06399998150765907,S042,0.8587,good,safe,full_tracking,9,14.13,bounds_contains,0.95,1.0,1.0,const4-trial1-tdoa3-traj3,mocap_ground_truth
WORKER_03,TAG_003,106,126.00321399999999,-86.48720766392405,-35.2094401594895,0.2230000189691781,S075,0.7685,degraded,safe,full_tracking,3,23.15,nearest_center,0.3198329693293019,1.0,1.0,const1-trial5-tdoa2,mocap_ground_truth
WORKER_04,TAG_004,106,136.00261799999998,-151.03201385509084,33.65059984604082,0.4719999722391366,S044,0.773,degraded,safe,full_tracking,5,22.7,nearest_center,0.2956294853224562,0.9,1.0,const2-trial1-tdoa2,mocap_ground_truth
WORKER_05,TAG_005,106,146.003225,-93.83227706554608,-119.86137910488198,0.8580000094324349,S065,0.8276,good,safe,full_tracking,10,17.24,bounds_contains,0.6649999999999999,0.7,1.0,const2-trial3-tdoa2,mocap_ground_truth
WORKER_06,TAG_006,106,156.001893,-134.68923347879357,17.491442510843697,0.09000000275671471,S044,0.5103,poor,safe,weak_tracking,1,48.97,nearest_center,0.19563980317293342,0.9,1.0,const2-trial4-tdoa3,mocap_ground_truth
WORKER_07,TAG_007,106,166.00170400000002,-86.94627415949391,131.89092566681572,0.9730000189691781,S067,0.776,degraded,safe,full_tracking,14,22.4,nearest_center,0.4424078579064542,0.7,1.0,const2-trial6-tdoa2,mocap_ground_truth
WORKER_08,TAG_008,106,176.002384,74.9207275975602,-111.68998891673334,0.6199999741464852,S128,0.7708,degraded,safe,full_tracking,9,22.92,nearest_center,0.21216381259862557,0.7,1.0,const3-trial7-tdoa3-manual4,mocap_ground_truth
WORKER_09,TAG_009,106,186.00268599999998,70.2382449647442,-108.01745695217448,0.20600005902349938,S122,0.736,degraded,safe,full_tracking,11,26.4,nearest_center,0.21009058540277295,0.4,1.0,const4-trial1-tdoa2-traj2,mocap_ground_truth
WORKER_10,TAG_010,106,196.003837,107.05541512247606,64.6835217618343,0.6960000685602425,S138,0.3,poor,tracking_lost,no_tracking,0,70.0,nearest_center,0.1480550968922428,0.9,1.0,const4-trial3-tdoa2-traj2,mocap_ground_truth
WORKER_01,TAG_001,107,107.000132,36.26729145754889,130.0546596845363,0.4740000656992196,S110,0.4965,poor,safe,weak_tracking,1,50.35,nearest_center,0.1779247323581543,0.7,1.0,const4-trial3-tdoa2-traj1,mocap_ground_truth
WORKER_02,TAG_002,107,117.00140999999999,-146.16590681304862,-56.96921448676841,-0.05399999104440223,S041,0.8055,good,safe,full_tracking,9,19.45,nearest_center,0.2838960007860016,0.9,1.0,const4-trial1-tdoa3-traj3,mocap_ground_truth
WORKER_03,TAG_003,107,127.00321399999999,-118.43827077961369,-59.99905554653119,0.10400006093084802,S056,0.7201,degraded,safe,full_tracking,3,27.99,nearest_center,0.22430072595315337,0.75,1.0,const1-trial5-tdoa2,mocap_ground_truth
WORKER_04,TAG_004,107,137.00261799999998,-153.69460609640117,-15.194122346129069,0.4680000237375497,S042,0.7931,degraded,safe,full_tracking,9,20.69,bounds_contains,0.6649999999999999,0.7,1.0,const2-trial1-tdoa2,mocap_ground_truth
WORKER_05,TAG_005,107,147.003225,-118.98914400729237,-121.97308717350505,0.7490000418573617,S060,0.7753,degraded,safe,full_tracking,12,22.47,nearest_center,0.30285596135518195,0.9,1.0,const2-trial3-tdoa2,mocap_ground_truth
WORKER_06,TAG_006,107,157.001893,-114.03121928813273,-3.0747560548888204,-0.10199996910989295,S042,0.3,poor,tracking_lost,no_tracking,0,70.0,nearest_center,0.1198715193813771,0.7,1.0,const2-trial4-tdoa3,mocap_ground_truth
WORKER_07,TAG_007,107,167.00170400000002,-48.10921361025639,100.03168022824347,1.0129999808222054,S081,0.7796,degraded,safe,full_tracking,9,22.04,nearest_center,0.24473988738875868,0.7,1.0,const2-trial6-tdoa2,mocap_ground_truth
WORKER_08,TAG_008,107,177.002384,6.703379864952026,-103.97766522415456,0.5869999817758798,S104,0.7152,degraded,safe,full_tracking,5,28.48,nearest_center,0.19078365404315767,0.4,1.0,const3-trial7-tdoa3-manual4,mocap_ground_truth
WORKER_09,TAG_009,107,187.00268599999998,108.70805669552928,-57.79553527329501,0.2720000437647103,S135,0.7369,degraded,safe,full_tracking,10,26.31,nearest_center,0.2697807653328164,0.4,1.0,const4-trial1-tdoa2-traj2,mocap_ground_truth
WORKER_10,TAG_010,107,197.003837,68.6774155963041,115.54813434550984,0.7240000656992196,S121,0.3,poor,tracking_lost,no_tracking,0,70.0,nearest_center,0.10026148059941045,0.75,1.0,const4-trial3-tdoa2-traj2,mocap_ground_truth
WORKER_01,TAG_001,108,108.000132,-25.247679146359395,138.9605584545984,0.4740000656992196,S111,0.7917,degraded,safe,full_tracking,11,20.83,nearest_center,0.26161639453256563,0.9,1.0,const4-trial3-tdoa2-traj1,mocap_ground_truth
WORKER_02,TAG_002,108,118.00140999999999,-120.73360325746299,-88.3693934297708,0.012999980822205437,S056,0.7405,degraded,safe,full_tracking,5,25.95,nearest_center,0.17269271108081166,0.7,1.0,const4-trial1-tdoa3-traj3,mocap_ground_truth
WORKER_03,TAG_003,108,128.00321399999999,-133.86291816477126,-81.48339052371863,0.02799996651709069,S056,0.7833,degraded,safe,full_tracking,10,21.67,nearest_center,0.33089356518069074,1.0,1.0,const1-trial5-tdoa2,mocap_ground_truth
WORKER_04,TAG_004,108,138.00261799999998,-140.3816667798667,-60.8253763330578,0.479000060930848,S056,0.7324,degraded,safe,full_tracking,10,26.76,nearest_center,0.25412867032523767,0.4,1.0,const2-trial1-tdoa2,mocap_ground_truth
WORKER_05,TAG_005,108,148.003225,-137.71907453855636,-97.36709893194174,0.6190000466257333,S060,0.8082,good,safe,full_tracking,9,19.18,nearest_center,0.2975743678926896,1.0,1.0,const2-trial3-tdoa2,mocap_ground_truth
WORKER_06,TAG_006,108,158.001893,-89.51704872368683,-25.38540839828766,-0.24899998389184486,S075,0.7153,degraded,safe,full_tracking,3,28.47,nearest_center,0.21415088529995016,0.75,1.0,const2-trial4-tdoa3,mocap_ground_truth
WORKER_07,TAG_007,108,168.00170400000002,-7.7113223244526985,53.02322401835303,0.9500000170618295,S099,0.7457,degraded,safe,full_tracking,11,25.43,bounds_contains,0.38,0.4,1.0,const2-trial6-tdoa2,mocap_ground_truth
WORKER_08,TAG_008,108,178.002384,-16.709033983190974,-59.72361346018756,0.21400007523596276,S086,0.7752,degraded,safe,full_tracking,6,22.48,nearest_center,0.2567968493617824,0.75,1.0,const3-trial7-tdoa3-manual4,mocap_ground_truth
WORKER_09,TAG_009,108,188.00268599999998,121.47011183937649,2.6176740823927522,0.4910000256448983,S137,0.7701,degraded,safe,full_tracking,5,22.99,nearest_center,0.2304101881971288,0.7,1.0,const4-trial1-tdoa2-traj2,mocap_ground_truth
WORKER_10,TAG_010,108,198.003837,11.11042177955046,137.03247479520158,0.5539999894052743,S111,0.7261,degraded,safe,full_tracking,10,27.39,nearest_center,0.23949243626688774,0.4,1.0,const4-trial3-tdoa2-traj2,mocap_ground_truth
WORKER_01,TAG_001,109,109.000132,-87.31352845045065,119.2206772550773,0.47600003995001305,S062,0.7742,degraded,safe,full_tracking,10,22.58,nearest_center,0.23656534318091862,0.75,1.0,const4-trial3-tdoa2-traj1,mocap_ground_truth
WORKER_02,TAG_002,109,119.00140999999999,-87.7725949460205,-95.80627503600593,0.13700005330145348,S073,0.7632,degraded,safe,full_tracking,5,23.68,nearest_center,0.2318666686114409,0.75,1.0,const4-trial1-tdoa3-traj3,mocap_ground_truth
WORKER_03,TAG_003,109,129.00321399999999,-129.6395020275251,-96.3571592086932,0.007999985590577019,S061,0.7913,degraded,safe,full_tracking,8,20.87,nearest_center,0.3860085187062773,0.7,1.0,const1-trial5-tdoa2,mocap_ground_truth
WORKER_04,TAG_004,109,139.00261799999998,-111.27682031471359,-99.66244235479962,0.4730000189691781,S061,0.784,degraded,safe,full_tracking,7,21.6,nearest_center,0.33263299295146204,0.7,1.0,const2-trial1-tdoa2,mocap_ground_truth
WORKER_05,TAG_005,109,149.003225,-149.28756554992881,-54.398439922575484,0.48100003518164147,S056,0.7489,degraded,safe,full_tracking,10,25.11,nearest_center,0.20656714845805146,0.4,1.0,const2-trial3-tdoa2,mocap_ground_truth
WORKER_06,TAG_006,109,159.001893,-62.98298229523097,-46.869740639222925,-0.3030000039190055,S075,0.8229,good,safe,full_tracking,9,17.71,nearest_center,0.48427160853553486,1.0,1.0,const2-trial4-tdoa3,mocap_ground_truth
WORKER_07,TAG_007,109,169.00170400000002,32.13568752491588,-3.258382516304156,0.8089999846369027,S125,0.7578,degraded,safe,full_tracking,9,24.22,nearest_center,0.20637833562651242,0.75,1.0,const2-trial6-tdoa2,mocap_ground_truth
WORKER_08,TAG_008,109,179.002384,-2.0188917596317264,-17.489457560230505,-0.14499995194375526,S097,0.3,poor,tracking_lost,no_tracking,0,70.0,nearest_center,0.17940311789641605,0.75,1.0,const3-trial7-tdoa3-manual4,mocap_ground_truth
WORKER_09,TAG_009,109,189.00268599999998,108.24899019995942,64.5917095572212,0.6939999751001595,S138,0.3,poor,tracking_lost,no_tracking,0,70.0,nearest_center,0.14845744416635942,0.9,1.0,const4-trial1-tdoa2-traj2,mocap_ground_truth
WORKER_10,TAG_010,109,199.003837,-52.8835084476855,133.3599318856341,0.32100006856024255,S093,0.761,degraded,safe,full_tracking,13,23.9,nearest_center,0.23571335745818134,0.7,1.0,const4-trial3-tdoa2-traj2,mocap_ground_truth
WORKER_01,TAG_001,110,110.000132,-132.7611498193967,76.71107926877661,0.4730000189691781,S058,0.5116,poor,safe,weak_tracking,1,48.84,nearest_center,0.21253487143893698,0.9,1.0,const4-trial3-tdoa2-traj1,mocap_ground_truth
WORKER_02,TAG_002,110,120.00140999999999,-49.85366738792271,-72.30204966731286,0.29399999894201745,S074,0.8083,good,safe,full_tracking,8,19.17,nearest_center,0.35649085566106803,0.9,1.0,const4-trial1-tdoa3-traj3,mocap_ground_truth
WORKER_03,TAG_003,110,130.00321399999999,-106.31890106805825,-99.29518259133857,0.05000004090368737,S060,0.7894,degraded,safe,full_tracking,8,21.06,nearest_center,0.3274901924837929,0.9,1.0,const1-trial5-tdoa2,mocap_ground_truth
WORKER_04,TAG_004,110,140.00261799999998,-70.41986390146612,-126.1965033107512,0.46999999798834313,S065,0.7724,degraded,safe,full_tracking,7,22.76,nearest_center,0.23912287288622266,0.7,1.0,const2-trial1-tdoa2,mocap_ground_truth
WORKER_05,TAG_005,110,150.003225,-155.07180558311074,-6.83910501250206,0.34199997700750817,S042,0.7396,degraded,safe,full_tracking,7,26.04,bounds_contains,0.38,0.4,1.0,const2-trial3-tdoa2,mocap_ground_truth
WORKER_06,TAG_006,110,160.001893,-34.153577916421526,-65.59967117048691,-0.24799999676644813,S086,0.8066,good,safe,full_tracking,7,19.34,nearest_center,0.3757566703238654,0.7,1.0,const2-trial4-tdoa3,mocap_ground_truth
WORKER_07,TAG_007,110,170.00170400000002,69.96280287840057,-56.51014799119855,0.6220000676065682,S124,0.7892,degraded,safe,full_tracking,6,21.08,nearest_center,0.29617377191465777,0.9,1.0,const2-trial6-tdoa2,mocap_ground_truth
WORKER_08,TAG_008,110,180.002384,55.548100688995845,-7.94086514912015,-0.22199997387826453,S118,0.7716,degraded,safe,full_tracking,10,22.84,nearest_center,0.22257611190474333,0.7,1.0,const3-trial7-tdoa3-manual4,mocap_ground_truth
WORKER_09,TAG_009,110,190.00268599999998,68.12653689612114,110.59022057135881,0.726999967470765,S121,0.3,poor,tracking_lost,no_tracking,0,70.0,nearest_center,0.11742129222503354,0.75,1.0,const4-trial1-tdoa2-traj2,mocap_ground_truth
WORKER_10,TAG_010,110,200.003837,-107.78791275938094,102.05157061974913,0.20800003327429284,S067,0.7596,degraded,safe,full_tracking,6,24.04,nearest_center,0.14991845479901442,0.7,1.0,const4-trial3-tdoa2-traj2,mocap_ground_truth
WORKER_01,TAG_001,111,111.000132,-157.55077341519487,18.40957687010949,0.47600003995001305,S027,0.7548,degraded,safe,full_tracking,9,24.52,nearest_center,0.21315525150276232,0.75,1.0,const4-trial3-tdoa2-traj1,mocap_ground_truth
WORKER_02,TAG_002,111,121.00140999999999,-10.465723692092478,-22.539194484003247,0.4730000189691781,S086,0.3,poor,tracking_lost,no_tracking,0,70.0,nearest_center,0.1750982128558821,0.9,1.0,const4-trial1-tdoa3-traj3,mocap_ground_truth
WORKER_03,TAG_003,111,131.00321399999999,-68.95085221014342,-88.18576354804027,0.15099999226629723,S073,0.7242,degraded,safe,full_tracking,7,27.58,nearest_center,0.2605779080171317,0.4,1.0,const1-trial5-tdoa2,mocap_ground_truth
WORKER_04,TAG_004,111,141.00261799999998,-21.75877022290068,-136.11235274907042,0.4780000142008065,S085,0.6342,degraded,safe,degraded_tracking,2,36.58,nearest_center,0.20539861657947034,0.7,1.0,const2-trial1-tdoa2,mocap_ground_truth
WORKER_05,TAG_005,111,151.003225,-153.1437219237139,30.528943845412776,0.21300002850592126,S043,0.788,degraded,safe,full_tracking,5,21.2,nearest_center,0.290740001452515,0.9,1.0,const2-trial3-tdoa2,mocap_ground_truth
WORKER_06,TAG_006,111,161.001893,-2.294332477849286,-84.14597729252466,-0.10099998198449622,S096,0.6894,degraded,safe,degraded_tracking,2,31.06,nearest_center,0.3057438368279587,0.9,1.0,const2-trial4-tdoa3,mocap_ground_truth
WORKER_07,TAG_007,111,171.00170400000002,98.7003895800926,-102.41684132821877,0.4400000265985726,S139,0.7998,degraded,safe,full_tracking,6,20.02,nearest_center,0.16599609370092097,0.75,1.0,const2-trial6-tdoa2,mocap_ground_truth
WORKER_08,TAG_008,111,181.002384,113.75778814679772,-40.16736487864913,-0.08100000105798255,S135,0.7699,degraded,safe,full_tracking,8,23.01,nearest_center,0.24788395979619443,0.75,1.0,const3-trial7-tdoa3-manual4,mocap_ground_truth
WORKER_09,TAG_009,111,191.00268599999998,10.743167488593716,136.11434180406187,0.5630000523477792,S111,0.7278,degraded,safe,full_tracking,10,27.22,nearest_center,0.243889320692993,0.4,1.0,const4-trial1-tdoa2-traj2,mocap_ground_truth
WORKER_10,TAG_010,111,201.003837,-146.90041539496212,53.29866610469666,0.2959999731928109,S045,0.7321,degraded,safe,full_tracking,4,26.79,nearest_center,0.24143576234948227,0.75,1.0,const4-trial3-tdoa2-traj2,mocap_ground_truth
WORKER_01,TAG_001,112,112.000132,-150.38932295029477,-43.564460229368656,0.4719999722391366,S041,0.7636,degraded,safe,full_tracking,10,23.64,bounds_contains,0.38,0.4,1.0,const4-trial3-tdoa2-traj1,mocap_ground_truth
WORKER_02,TAG_002,112,122.00140999999999,30.85030024281941,29.059929417837935,0.6540000132471322,S118,0.7768,degraded,safe,full_tracking,12,22.32,nearest_center,0.26229214121224664,0.75,1.0,const4-trial1-tdoa3-traj3,mocap_ground_truth
WORKER_03,TAG_003,112,132.00321399999999,-23.778664718784558,-65.14060467491706,0.2729999712854623,S074,0.7869,degraded,safe,full_tracking,7,21.31,nearest_center,0.2450425480173637,0.9,1.0,const1-trial5-tdoa2,mocap_ground_truth
WORKER_04,TAG_004,112,142.00261799999998,26.535071900960165,-129.13453763840513,0.4740000656992196,S104,0.7628,degraded,safe,full_tracking,4,23.72,nearest_center,0.23486769637154367,0.7,1.0,const2-trial1-tdoa2,mocap_ground_truth
WORKER_05,TAG_005,112,152.003225,-143.31969016251207,44.85183109395224,0.10300001420080651,S044,0.7216,degraded,safe,full_tracking,5,27.84,nearest_center,0.23432288211603894,0.9,1.0,const2-trial3-tdoa2,mocap_ground_truth
WORKER_06,TAG_006,112,162.001893,29.289473610631465,-100.67238207804816,0.09600004471838464,S105,0.6756,degraded,safe,degraded_tracking,2,32.44,nearest_center,0.20687953392482777,0.9,1.0,const2-trial4-tdoa3,mocap_ground_truth
WORKER_07,TAG_007,112,172.00170400000002,117.79757987481763,-129.96085295242744,0.3100000313669442,S133,0.7918,degraded,safe,full_tracking,3,20.82,nearest_center,0.3143721854133821,0.9,1.0,const2-trial6-tdoa2,mocap_ground_truth
WORKER_08,TAG_008,112,182.002384,146.8106086628533,-76.15821151360224,0.41400000371038903,S135,0.3,poor,tracking_lost,no_tracking,0,70.0,nearest_center,0.22842586042841398,1.0,1.0,const3-trial7-tdoa3-manual4,mocap_ground_truth
WORKER_09,TAG_009,112,192.00268599999998,-50.77180037906243,134.8289490494611,0.3289999655634164,S102,0.7877,degraded,safe,full_tracking,10,21.23,nearest_center,0.21358202523304495,0.9,1.0,const4-trial1-tdoa2-traj2,mocap_ground_truth
WORKER_10,TAG_010,112,202.003837,-157.36713806096003,-7.849052260443999,0.5229999712854623,S042,0.7406,degraded,safe,full_tracking,8,25.94,bounds_contains,0.38,0.4,1.0,const4-trial3-tdoa2-traj2,mocap_ground_truth
WORKER_01,TAG_001,113,113.000132,-116.51018712021686,-96.3571592086932,0.4730000189691781,S061,0.7338,degraded,safe,full_tracking,8,26.62,nearest_center,0.27088456347027945,0.4,1.0,const4-trial3-tdoa2-traj1,mocap_ground_truth
WORKER_02,TAG_002,113,123.00140999999999,65.55576233192821,63.765388770694585,0.8100000313669442,S119,0.3,poor,tracking_lost,no_tracking,0,70.0,nearest_center,0.19043875918717576,0.9,1.0,const4-trial1-tdoa3-traj3,mocap_ground_truth
WORKER_03,TAG_003,113,133.00321399999999,22.311655763714032,-37.5965903144562,0.39299997605383385,S117,0.7566,degraded,safe,full_tracking,6,24.34,nearest_center,0.20890326489654037,0.75,1.0,const1-trial5-tdoa2,mocap_ground_truth
WORKER_04,TAG_004,113,143.00261799999998,70.33005716935732,-106.08937329277764,0.47600003995001305,S122,0.781,degraded,safe,full_tracking,11,21.9,nearest_center,0.33302469009236063,0.7,1.0,const2-trial1-tdoa2,mocap_ground_truth
WORKER_05,TAG_005,113,153.003225,-127.160534195441,33.0997184096057,0.016000001803040398,S044,0.3,poor,tracking_lost,no_tracking,0,70.0,nearest_center,0.18113678062535768,1.0,1.0,const2-trial3-tdoa2,mocap_ground_truth
WORKER_06,TAG_006,113,163.001893,57.84343863934943,-113.80169698535641,0.2980000666528939,S122,0.7399,degraded,safe,full_tracking,11,26.01,nearest_center,0.2808074708964266,0.4,1.0,const2-trial4-tdoa3,mocap_ground_truth
WORKER_07,TAG_007,113,173.00170400000002,124.68357730836551,-137.12230341732754,0.26799997605383385,S133,0.7623,degraded,safe,full_tracking,3,23.77,nearest_center,0.2928937257679175,1.0,1.0,const2-trial6-tdoa2,mocap_ground_truth
WORKER_08,TAG_008,113,183.002384,111.18701358260479,-94.88814204486621,0.6080000094324349,S134,0.7965,degraded,safe,full_tracking,11,20.35,nearest_center,0.46869238345395947,0.9,1.0,const3-trial7-tdoa3-manual4,mocap_ground_truth
WORKER_09,TAG_009,113,193.00268599999998,-106.22708339094085,104.34690309759841,0.20800003327429284,S058,0.7692,degraded,safe,full_tracking,7,23.08,nearest_center,0.20127679331592033,0.75,1.0,const4-trial1-tdoa2-traj2,mocap_ground_truth
WORKER_10,TAG_010,113,203.003837,-137.90270989279117,-67.06868833431389,0.7080000332742928,S040,0.7573,degraded,safe,full_tracking,9,24.27,nearest_center,0.22297788101950397,0.7,1.0,const4-trial3-tdoa2-traj2,mocap_ground_truth
WORKER_01,TAG_001,114,114.000132,-63.442048790800825,-129.96085295242744,0.4740000656992196,S065,0.7323,degraded,safe,full_tracking,8,26.77,nearest_center,0.20479585908342673,0.7,1.0,const4-trial3-tdoa2-traj1,mocap_ground_truth
WORKER_02,TAG_002,114,124.00140999999999,96.58868151146955,73.95667482285317,0.9300000361353158,S138,0.3,poor,tracking_lost,no_tracking,0,70.0,nearest_center,0.1,0.4,1.0,const4-trial1-tdoa3-traj3,mocap_ground_truth
WORKER_03,TAG_003,114,134.00321399999999,62.61773347677854,-8.675372362907567,0.4780000142008065,S125,0.8231,good,safe,full_tracking,14,17.69,nearest_center,0.6452987868722205,0.9,1.0,const1-trial5-tdoa2,mocap_ground_truth
WORKER_04,TAG_004,114,144.00261799999998,103.10743012656496,-70.46578368503343,0.47100004471838464,S128,0.7912,degraded,safe,full_tracking,8,20.88,nearest_center,0.23005641800314303,0.7,1.0,const2-trial1-tdoa2,mocap_ground_truth
WORKER_05,TAG_005,114,154.003225,-106.50252547728448,-4.8192105166181785,-0.03799995861947547,S076,0.3,poor,tracking_lost,no_tracking,0,70.0,nearest_center,0.14188409648495146,0.75,1.0,const2-trial3-tdoa2,mocap_ground_truth
WORKER_06,TAG_006,114,164.001893,83.09211778570884,-123.35029760522322,0.45100006379187096,S122,0.7958,degraded,safe,full_tracking,7,20.42,nearest_center,0.3274869069747651,1.0,1.0,const2-trial4-tdoa3,mocap_ground_truth
WORKER_07,TAG_007,114,174.00170400000002,117.15488897002156,-119.67775469565576,0.323000042811036,S133,0.8196,good,safe,full_tracking,5,18.04,nearest_center,0.46986923217175014,1.0,1.0,const2-trial6-tdoa2,mocap_ground_truth
WORKER_08,TAG_008,114,184.002384,51.967380929050094,-87.17581835228744,0.4870000771433114,S123,0.7651,degraded,safe,full_tracking,13,23.49,nearest_center,0.25320351151017556,0.7,1.0,const3-trial7-tdoa3-manual4,mocap_ground_truth
WORKER_09,TAG_009,114,194.00268599999998,-145.1559670898001,54.033169214105854,0.292000024691224,S046,0.7239,degraded,safe,full_tracking,3,27.61,nearest_center,0.15972917922549573,0.7,1.0,const4-trial1-tdoa2-traj2,mocap_ground_truth
WORKER_10,TAG_010,114,204.003837,-95.94398513416915,-114.99527206283976,0.7160000494867562,S065,0.7674,degraded,safe,full_tracking,10,23.26,bounds_contains,0.38,0.4,1.0,const4-trial3-tdoa2-traj2,mocap_ground_truth
WORKER_01,TAG_001,115,115.000132,-0.7335044775352646,-137.85681199924105,0.47100004471838464,S085,0.6196,degraded,safe,degraded_tracking,2,38.04,nearest_center,0.13510953130826342,0.7,1.0,const4-trial3-tdoa2-traj1,mocap_ground_truth
WORKER_02,TAG_002,115,125.00140999999999,112.74783747854059,45.67815188047884,0.9999999693781136,S138,0.6438,degraded,safe,degraded_tracking,2,35.62,nearest_center,0.27944962442705057,1.0,1.0,const4-trial1-tdoa3-traj3,mocap_ground_truth
WORKER_03,TAG_003,115,135.00321399999999,77.85875098020557,2.9849276037785817,0.4899999789148568,S125,0.8093,good,safe,full_tracking,11,19.07,nearest_center,0.3362230574215636,1.0,1.0,const1-trial5-tdoa2,mocap_ground_truth
WORKER_04,TAG_004,115,145.00261799999998,120.91922766668922,-23.090073184186217,0.4690000704675912,S130,0.7677,degraded,safe,full_tracking,5,23.23,nearest_center,0.17250851694496128,0.7,1.0,const2-trial1-tdoa2,mocap_ground_truth
WORKER_05,TAG_005,115,155.003225,-78.2240052711623,-61.6516971195844,-0.05499997816979896,S075,0.7659,degraded,safe,full_tracking,5,23.41,nearest_center,0.26247887863282554,0.9,1.0,const2-trial3-tdoa2,mocap_ground_truth
WORKER_06,TAG_006,115,165.001893,97.87407426607031,-129.31816204763138,0.511000006571412,S127,0.7913,degraded,safe,full_tracking,4,20.87,nearest_center,0.3072040193015764,0.9,1.0,const2-trial4-tdoa3,mocap_ground_truth
WORKER_07,TAG_007,115,175.00170400000002,98.05769867529654,-85.15592248827748,0.44500002183020104,S134,0.8155,good,safe,full_tracking,12,18.45,nearest_center,0.4855700715610869,0.9,1.0,const2-trial6-tdoa2,mocap_ground_truth
WORKER_08,TAG_008,115,185.002384,16.06834376245794,-90.48110149839385,0.17000004567205895,S114,0.7543,degraded,safe,full_tracking,9,24.57,nearest_center,0.25977134064855156,0.9,1.0,const3-trial7-tdoa3-manual4,mocap_ground_truth
WORKER_09,TAG_009,115,195.00268599999998,-156.2653806605941,-6.380037832869164,0.5179999760538339,S042,0.7433,degraded,safe,full_tracking,7,25.67,bounds_contains,0.38,0.4,1.0,const4-trial1-tdoa2-traj2,mocap_ground_truth
WORKER_10,TAG_010,115,205.003837,-35.530778771257175,-138.68312731326336,0.5309999874979257,S085,0.5365,poor,safe,weak_tracking,1,46.35,nearest_center,0.21420710194739617,0.7,1.0,const4-trial3-tdoa2-traj2,mocap_ground_truth
WORKER_01,TAG_001,116,116.000132,60.41421320354236,-116.73973131301038,0.4730000189691781,S122,0.7573,degraded,safe,full_tracking,8,24.27,nearest_center,0.28235325442887327,0.4,1.0,const4-trial3-tdoa2-traj1,mocap_ground_truth
WORKER_02,TAG_002,116,126.00140999999999,122.11280274417258,6.657463159668394,1.0039999178797006,S137,0.7877,degraded,safe,full_tracking,5,21.23,nearest_center,0.27653023018092077,0.9,1.0,const4-trial1-tdoa3-traj3,mocap_ground_truth
WORKER_03,TAG_003,116,136.00321399999999,77.85875098020557,3.352181210672291,0.48800000466406335,S125,0.8086,good,safe,full_tracking,11,19.14,nearest_center,0.3346099675907185,1.0,1.0,const1-trial5-tdoa2,mocap_ground_truth
WORKER_04,TAG_004,116,146.00261799999998,122.84731132608606,5.09663550138589,0.4740000656992196,S137,0.7603,degraded,safe,full_tracking,5,23.97,nearest_center,0.21830038177417782,0.7,1.0,const2-trial1-tdoa2,mocap_ground_truth
WORKER_05,TAG_005,116,156.003225,-49.57822530157908,-120.68770536391288,-0.03799995861947547,S073,0.7878,degraded,safe,full_tracking,3,21.22,nearest_center,0.17559069468119332,0.7,1.0,const2-trial3-tdoa2,mocap_ground_truth
WORKER_06,TAG_006,116,166.001893,98.24132308452275,-129.40997972474878,0.507999985590577,S127,0.8041,good,safe,full_tracking,4,19.59,nearest_center,0.3397171545122117,1.0,1.0,const2-trial4-tdoa3,mocap_ground_truth
WORKER_07,TAG_007,116,176.00170400000002,93.1915916332543,-77.07634450474197,0.476999967470765,S128,0.8033,good,safe,full_tracking,11,19.67,nearest_center,0.33884137264067055,0.9,1.0,const2-trial6-tdoa2,mocap_ground_truth
WORKER_08,TAG_008,116,186.002384,-4.314226973733168,-139.69307798152047,-0.060999960526824104,S104,0.6139,degraded,safe,degraded_tracking,2,38.61,nearest_center,0.19013367062851397,0.7,1.0,const3-trial7-tdoa3-manual4,mocap_ground_truth
WORKER_09,TAG_009,116,196.00268599999998,-139.46353378872698,-65.96692546144365,0.7080000332742928,S040,0.7571,degraded,safe,full_tracking,10,24.29,nearest_center,0.2305058866727214,0.7,1.0,const4-trial1-tdoa2-traj2,mocap_ground_truth
WORKER_10,TAG_010,116,206.003837,26.994138396530023,-132.25619637528533,0.30599996365606774,S104,0.7465,degraded,safe,full_tracking,4,25.35,nearest_center,0.2228316053038299,0.7,1.0,const4-trial3-tdoa2-traj2,mocap_ground_truth
WORKER_01,TAG_001,117,117.000132,102.83199898522993,-70.92485018060329,0.4719999722391366,S128,0.7923,degraded,safe,full_tracking,8,20.77,nearest_center,0.2323198992932959,0.7,1.0,const4-trial3-tdoa2-traj1,mocap_ground_truth
WORKER_02,TAG_002,117,127.00140999999999,119.72566353421446,-29.792451681012167,0.948999970331788,S131,0.7795,degraded,safe,full_tracking,6,22.05,nearest_center,0.22060919678002228,0.9,1.0,const4-trial1-tdoa3-traj3,mocap_ground_truth
WORKER_03,TAG_003,117,137.00321399999999,77.12424239829208,2.8931142020551546,0.4819999627023934,S125,0.8092,good,safe,full_tracking,11,19.08,nearest_center,0.33975703095607723,1.0,1.0,const1-trial5-tdoa2,mocap_ground_truth
WORKER_04,TAG_004,117,147.00261799999998,122.57186923974244,3.994874851720522,0.46999999798834313,S137,0.8028,good,safe,full_tracking,5,19.72,nearest_center,0.318219387350233,1.0,1.0,const2-trial1-tdoa2,mocap_ground_truth
WORKER_05,TAG_005,117,157.003225,-16.52540735075988,-167.4207140149554,0.017999976053833855,S085,0.3,poor,tracking_lost,no_tracking,0,70.0,nearest_center,0.1,0.7,1.0,const2-trial3-tdoa2,mocap_ground_truth
WORKER_06,TAG_006,117,167.001893,97.69044985684408,-129.22634437051394,0.49700006760656823,S127,0.8053,good,safe,full_tracking,4,19.47,nearest_center,0.34237129172224334,1.0,1.0,const2-trial4-tdoa3,mocap_ground_truth
WORKER_07,TAG_007,117,177.00170400000002,94.20154230151144,-77.71904088204234,0.479000060930848,S128,0.8248,good,safe,full_tracking,10,17.52,nearest_center,0.3774761598692197,1.0,1.0,const2-trial6-tdoa2,mocap_ground_truth
WORKER_08,TAG_008,117,187.002384,-16.984474188361258,-186.6097219867978,0.27599999226629723,S104,0.3,poor,tracking_lost,no_tracking,0,70.0,continuity_fallback,0.2,0.4,1.0,const3-trial7-tdoa3-manual4,mocap_ground_truth
WORKER_09,TAG_009,117,197.00268599999998,-96.40305162973901,-113.89351466247382,0.7199999979883431,S065,0.7662,degraded,safe,full_tracking,10,23.38,bounds_contains,0.38,0.4,1.0,const4-trial1-tdoa2-traj2,mocap_ground_truth
WORKER_10,TAG_010,117,207.003837,78.40963515289283,-97.18347452271551,0.20399996556341637,S122,0.7755,degraded,safe,full_tracking,10,22.45,nearest_center,0.23534822572414915,0.7,1.0,const4-trial3-tdoa2-traj2,mocap_ground_truth
WORKER_01,TAG_001,118,118.000132,120.73560325746301,-12.25609485910547,0.46999999798834313,S130,0.7483,degraded,safe,full_tracking,6,25.17,nearest_center,0.14923103627897444,0.7,1.0,const4-trial3-tdoa2-traj1,mocap_ground_truth
WORKER_02,TAG_002,118,128.00141,102.28111481254267,-42.187258006406935,0.8419999770075082,S136,0.7908,degraded,safe,full_tracking,11,20.92,nearest_center,0.447426057067555,0.7,1.0,const4-trial1-tdoa3-traj3,mocap_ground_truth
WORKER_03,TAG_003,118,138.00321399999999,77.39968448463571,2.6176740823927522,0.3699999741464852,S125,0.8095,good,safe,full_tracking,11,19.05,nearest_center,0.33966022912685506,1.0,1.0,const1-trial5-tdoa2,mocap_ground_truth
WORKER_04,TAG_004,118,148.00261799999998,122.75550459397725,4.270315056890803,0.4530000380426644,S137,0.8014,good,safe,full_tracking,5,19.86,nearest_center,0.31616586300536004,1.0,1.0,const2-trial1-tdoa2,mocap_ground_truth
WORKER_05,TAG_005,118,158.003225,15.884719353231716,-190.3740606834655,0.10400006093084802,S085,0.3,poor,tracking_lost,no_tracking,0,70.0,continuity_fallback,0.2,0.4,1.0,const2-trial3-tdoa2,mocap_ground_truth
WORKER_06,TAG_006,118,168.001893,97.32319009338303,-129.22634437051394,0.49299999989569177,S127,0.8054,good,safe,full_tracking,4,19.46,nearest_center,0.3434539185783758,1.0,1.0,const2-trial4-tdoa3,mocap_ground_truth
WORKER_07,TAG_007,118,178.00170400000002,95.4869241111036,-77.81085308665546,0.47499999321997155,S128,0.8208,good,safe,full_tracking,10,17.92,nearest_center,0.34400056013086566,1.0,1.0,const2-trial6-tdoa2,mocap_ground_truth
WORKER_08,TAG_008,118,188.002384,17.904612480989524,-167.23708960572918,0.4899999789148568,S104,0.3,poor,tracking_lost,no_tracking,0,70.0,nearest_center,0.12810969294769098,1.0,1.0,const3-trial7-tdoa3-manual4,mocap_ground_truth
WORKER_09,TAG_009,118,198.00268599999998,-38.56062119914603,-136.38779483541407,0.5400000504404305,S072,0.5713,poor,safe,weak_tracking,1,42.87,nearest_center,0.2296014153303314,0.9,1.0,const4-trial1-tdoa2-traj2,mocap_ground_truth
WORKER_10,TAG_010,118,208.003837,114.40047905159379,-46.869740639222925,0.3110000780969857,S137,0.7571,degraded,safe,full_tracking,8,24.29,nearest_center,0.20204440616828206,0.75,1.0,const4-trial3-tdoa2-traj2,mocap_ground_truth
WORKER_01,TAG_001,119,119.000132,120.00109467554951,3.5358080141191452,0.4730000189691781,S137,0.7632,degraded,safe,full_tracking,6,23.68,nearest_center,0.23116245231296392,0.7,1.0,const4-trial3-tdoa2-traj1,mocap_ground_truth
WORKER_02,TAG_002,119,129.00141,75.7470483840868,-23.824581766099712,0.6870000056177377,S136,0.7948,degraded,safe,full_tracking,10,20.52,nearest_center,0.26465492151222253,1.0,1.0,const4-trial1-tdoa3-traj3,mocap_ground_truth
WORKER_03,TAG_003,119,139.00321399999999,76.94061798906586,2.801300885839607,-0.03400001011788856,S125,0.8084,good,safe,full_tracking,11,19.16,nearest_center,0.3402769269756881,1.0,1.0,const1-trial5-tdoa2,mocap_ground_truth
WORKER_04,TAG_004,119,149.00261799999998,122.3882448305162,2.8931142020551546,0.2230000189691781,S137,0.805,good,safe,full_tracking,5,19.5,nearest_center,0.32392811500137797,1.0,1.0,const2-trial1-tdoa2,mocap_ground_truth
WORKER_05,TAG_005,119,159.003225,44.53049385031065,-185.23251155507964,0.21400007523596276,S085,0.3,poor,tracking_lost,no_tracking,0,70.0,continuity_fallback,0.2,0.4,1.0,const2-trial3-tdoa2,mocap_ground_truth
WORKER_06,TAG_006,119,169.001893,97.96588099817912,-129.40997972474878,0.42399999417364587,S127,0.8041,good,safe,full_tracking,4,19.59,nearest_center,0.3404775601985497,1.0,1.0,const2-trial4-tdoa3,mocap_ground_truth
WORKER_07,TAG_007,119,179.00170400000002,95.30329970187738,-78.08629517299909,0.4159999779611825,S128,0.8224,good,safe,full_tracking,10,17.76,nearest_center,0.3588635850766482,1.0,1.0,const2-trial6-tdoa2,mocap_ground_truth
WORKER_08,TAG_008,119,189.002384,72.90083173355025,-139.69307798152047,0.28099998749792565,S122,0.7129,degraded,safe,full_tracking,4,28.71,nearest_center,0.2033589627809575,0.7,1.0,const3-trial7-tdoa3-manual4,mocap_ground_truth
WORKER_09,TAG_009,119,199.00268599999998,24.515176036950212,-132.43982078451157,0.3110000780969857,S095,0.7355,degraded,safe,full_tracking,4,26.45,nearest_center,0.14808372243303553,0.7,1.0,const4-trial1-tdoa2-traj2,mocap_ground_truth
WORKER_10,TAG_010,119,209.003837,122.29643809840739,2.801300885839607,0.4650000027567147,S137,0.8058,good,safe,full_tracking,5,19.42,nearest_center,0.3249424003370817,1.0,1.0,const4-trial3-tdoa2-traj2,mocap_ground_truth
WORKER_01,TAG_001,120,120.000132,119.45022144787085,3.8112480482736677,0.4730000189691781,S137,0.8054,good,safe,full_tracking,6,19.46,nearest_center,0.3307865692853643,1.0,1.0,const4-trial3-tdoa2-traj1,mocap_ground_truth
WORKER_02,TAG_002,120,130.00141,41.68427719977409,21.623045075350646,0.5099999598413705,S106,0.7654,degraded,safe,full_tracking,11,23.46,nearest_center,0.23629271547913835,0.75,1.0,const4-trial1-tdoa3-traj3,mocap_ground_truth
WORKER_03,TAG_003,120,140.00321399999999,76.75699357983963,2.0667937575600686,-0.5929999955743552,S125,0.8086,good,safe,full_tracking,11,19.14,nearest_center,0.3434559799755383,1.0,1.0,const1-trial5-tdoa2,mocap_ground_truth
WORKER_04,TAG_004,120,150.00261799999998,122.48006250763363,1.9749803665251262,-0.289000005349517,S137,0.805,good,safe,full_tracking,5,19.5,nearest_center,0.32725105084273,1.0,1.0,const2-trial1-tdoa2,mocap_ground_truth
WORKER_05,TAG_005,120,160.003225,71.61544445145378,-153.4650837936248,0.34600004471838464,S122,0.3,poor,tracking_lost,no_tracking,0,70.0,nearest_center,0.1,0.4,1.0,const2-trial3-tdoa2,mocap_ground_truth
WORKER_06,TAG_006,120,170.001893,97.59863217972666,-128.85909555206152,0.08199998654425134,S127,0.8067,good,safe,full_tracking,4,19.33,nearest_center,0.344166054622081,1.0,1.0,const2-trial4-tdoa3,mocap_ground_truth
WORKER_07,TAG_007,120,180.00170400000002,95.85417292955606,-78.45354399145154,0.08199998654425134,S128,0.813,good,safe,full_tracking,11,18.7,nearest_center,0.3495663060956089,1.0,1.0,const2-trial6-tdoa2,mocap_ground_truth
WORKER_08,TAG_008,120,190.002384,114.4922967287112,-93.05187606258679,-0.034999997243285286,S127,0.7804,degraded,safe,full_tracking,8,21.96,nearest_center,0.24397328035022903,0.9,1.0,const3-trial7-tdoa3-manual4,mocap_ground_truth
WORKER_09,TAG_009,120,200.00268599999998,78.40963515289283,-99.93787349613466,0.20399996556341637,S134,0.7611,degraded,safe,full_tracking,10,23.89,nearest_center,0.21247359062325605,0.75,1.0,const4-trial1-tdoa2-traj2,mocap_ground_truth
WORKER_10,TAG_010,120,210.003837,121.01104534380663,0.965033107894701,0.47999998845159997,S137,0.8141,good,safe,full_tracking,5,18.59,nearest_center,0.3387316692231637,1.0,1.0,const4-trial3-tdoa2-traj2,mocap_ground_truth
WORKER_01,TAG_001,121,121.000132,120.36835443901056,2.8931142020551546,0.46400007523596276,S137,0.8021,good,safe,full_tracking,6,19.79,nearest_center,0.33206577387383734,1.0,1.0,const4-trial3-tdoa2-traj1,mocap_ground_truth
WORKER_02,TAG_002,121,131.00141,25.157869677998438,42.83193796619443,0.4469999960809945,S119,0.8048,good,safe,full_tracking,13,19.52,nearest_center,0.534031509171251,0.7,1.0,const4-trial1-tdoa3-traj3,mocap_ground_truth
WORKER_03,TAG_003,121,141.00321399999999,76.481551493496,2.2504205396299533,-0.9199999802559615,S125,0.8149,good,safe,full_tracking,10,18.51,nearest_center,0.343286833555058,1.0,1.0,const1-trial5-tdoa2,mocap_ground_truth
WORKER_04,TAG_004,121,151.00261799999998,121.65373624860273,1.6995401934202994,-0.7919999816268684,S137,0.8086,good,safe,full_tracking,5,19.14,nearest_center,0.3313469450839355,1.0,1.0,const2-trial1-tdoa2,mocap_ground_truth
WORKER_05,TAG_005,121,161.003225,92.91614954691067,-105.72212447432518,0.4740000656992196,S127,0.8251,good,safe,full_tracking,10,17.49,nearest_center,0.5268480978569103,0.9,1.0,const2-trial3-tdoa2,mocap_ground_truth
WORKER_06,TAG_006,121,171.001893,97.59863217972666,-130.2362950387711,-0.47699996910989295,S127,0.7988,degraded,safe,full_tracking,4,20.12,nearest_center,0.33606943334667827,1.0,1.0,const2-trial4-tdoa3,mocap_ground_truth
WORKER_07,TAG_007,121,181.00170400000002,96.9559412749306,-79.0044281641388,-0.4669999786466361,S128,0.8091,good,safe,full_tracking,11,19.09,nearest_center,0.3216236208728791,1.0,1.0,const2-trial6-tdoa2,mocap_ground_truth
WORKER_08,TAG_008,121,191.002384,126.06077679507509,-36.49482744158596,-0.10400000296533118,S136,0.6929,degraded,safe,full_tracking,6,30.71,nearest_center,0.13898560359519715,0.4,1.0,const3-trial7-tdoa3-manual4,mocap_ground_truth
WORKER_09,TAG_009,121,201.00268599999998,112.74783747854059,-47.696061425749534,0.30599996365606774,S136,0.7518,degraded,safe,full_tracking,10,24.82,nearest_center,0.2503569582909279,0.7,1.0,const4-trial1-tdoa2-traj2,mocap_ground_truth
WORKER_10,TAG_010,121,211.003837,120.82742093458042,1.2404733130649825,0.48300000943243493,S137,0.8013,good,safe,full_tracking,6,19.87,nearest_center,0.3382096289893769,1.0,1.0,const4-trial3-tdoa2-traj2,mocap_ground_truth
WORKER_01,TAG_001,122,122.000132,120.64379652535418,2.801300885839607,0.2779999665170907,S137,0.8006,good,safe,full_tracking,6,19.94,nearest_center,0.33130191257898384,1.0,1.0,const4-trial3-tdoa2-traj1,mocap_ground_truth
WORKER_02,TAG_002,122,132.00141,25.157869677998438,43.93369810281252,0.448000042811036,S119,0.86,good,safe,full_tracking,13,14.0,nearest_center,0.7878685425576929,1.0,1.0,const4-trial1-tdoa3-traj3,mocap_ground_truth
WORKER_03,TAG_003,122,142.00321399999999,75.01253980217331,1.5159134327273849,-0.9549999841302634,S126,0.8004,good,safe,full_tracking,9,19.96,nearest_center,0.21858272219874145,0.9,1.0,const1-trial5-tdoa2,mocap_ground_truth
WORKER_04,TAG_004,122,152.00261799999998,120.91922766668922,1.8831669754901839,-0.939999983534217,S137,0.8116,good,safe,full_tracking,5,18.84,nearest_center,0.3332609866886438,1.0,1.0,const2-trial1-tdoa2,mocap_ground_truth
WORKER_05,TAG_005,122,162.003225,96.77231686570437,-92.77643397624315,0.5020000628381966,S128,0.8033,good,safe,full_tracking,12,19.67,nearest_center,0.3909752044656448,0.9,1.0,const2-trial3-tdoa2,mocap_ground_truth
WORKER_06,TAG_006,122,172.001893,97.32319009338303,-130.3281127158885,-0.8739999838918449,S127,0.7978,degraded,safe,full_tracking,4,20.22,nearest_center,0.33582308835964536,1.0,1.0,const2-trial4-tdoa3,mocap_ground_truth
WORKER_07,TAG_007,122,182.00170400000002,97.1395656841568,-78.36173178683842,-0.8769999750703574,S128,0.812,good,safe,full_tracking,10,18.8,nearest_center,0.2876541828708403,1.0,1.0,const2-trial6-tdoa2,mocap_ground_truth
WORKER_08,TAG_008,122,192.002384,85.47926794067554,-5.553717046342559,0.2230000189691781,S131,0.7769,degraded,safe,full_tracking,15,22.31,nearest_center,0.39865817596714553,0.7,1.0,const3-trial7-tdoa3-manual4,mocap_ground_truth
WORKER_09,TAG_009,122,202.00268599999998,121.74555392572013,3.7194346465502406,0.46400007523596276,S137,0.7939,degraded,safe,full_tracking,5,20.61,nearest_center,0.29050196145629686,0.9,1.0,const4-trial1-tdoa2-traj2,mocap_ground_truth
WORKER_10,TAG_010,122,212.003837,118.71571286595734,2.6176740823927522,0.4339999846369027,S137,0.8101,good,safe,full_tracking,6,18.99,nearest_center,0.3394063972875732,1.0,1.0,const4-trial3-tdoa2-traj2,mocap_ground_truth
WORKER_01,TAG_001,123,123.000132,120.46016117111937,0.41415286856989675,-0.19699999772012244,S137,0.8029,good,safe,full_tracking,6,19.71,nearest_center,0.3428170864021778,1.0,1.0,const4-trial3-tdoa2-traj1,mocap_ground_truth
WORKER_02,TAG_002,123,133.00141,26.535071900960165,42.46468367523769,0.45100006379187096,S119,0.8581,good,safe,full_tracking,13,14.19,nearest_center,0.7800056219209509,1.0,1.0,const4-trial1-tdoa3-traj3,mocap_ground_truth
WORKER_04,TAG_004,123,153.00261799999998,120.91922766668922,1.8831669754901839,-0.9409999781101943,S137,0.8116,good,safe,full_tracking,5,18.84,nearest_center,0.3332596995371158,1.0,1.0,const2-trial1-tdoa2,mocap_ground_truth
WORKER_05,TAG_005,123,163.003225,96.22143269301709,-94.33725787217895,0.49400004662573327,S128,0.8203,good,safe,full_tracking,11,17.97,nearest_center,0.41477026914847515,1.0,1.0,const2-trial3-tdoa2,mocap_ground_truth
WORKER_06,TAG_006,123,173.001893,94.01790694727661,-129.6854108660838,-0.9389999815076591,S127,0.8007,good,safe,full_tracking,4,19.93,nearest_center,0.34721901712886666,1.0,1.0,const2-trial4-tdoa3,mocap_ground_truth
WORKER_07,TAG_007,123,183.00170400000002,94.20154230151144,-80.84069414641824,-0.9469999828189613,S128,0.8187,good,safe,full_tracking,12,18.13,nearest_center,0.46029174350058777,1.0,1.0,const2-trial6-tdoa2,mocap_ground_truth
WORKER_08,TAG_008,123,193.002384,31.217554533776156,-10.052573217743216,0.3779999903589486,S117,0.7488,degraded,safe,full_tracking,11,25.12,nearest_center,0.3252144583239496,0.7,1.0,const3-trial7-tdoa3-manual4,mocap_ground_truth
WORKER_09,TAG_009,123,203.00268599999998,119.45022144787085,4.086688253443949,0.48300000943243493,S137,0.805,good,safe,full_tracking,6,19.5,nearest_center,0.3293818467421607,1.0,1.0,const4-trial1-tdoa2-traj2,mocap_ground_truth
WORKER_10,TAG_010,123,213.003837,118.80751959806615,4.453941860337658,0.12600001610815514,S137,0.8071,good,safe,full_tracking,6,19.29,nearest_center,0.32930304187253284,1.0,1.0,const4-trial3-tdoa2-traj2,mocap_ground_truth
WORKER_01,TAG_001,124,124.000132,120.18473002978432,-0.04491414004723948,-0.738999993428588,S137,0.8037,good,safe,full_tracking,6,19.63,nearest_center,0.345356369976709,1.0,1.0,const4-trial3-tdoa2-traj1,mocap_ground_truth
WORKER_02,TAG_002,124,134.00141,27.72864424219137,40.720229897571365,0.32399997033178796,S119,0.8501,good,safe,full_tracking,13,14.99,nearest_center,0.7166900577004889,1.0,1.0,const4-trial1-tdoa3-traj3,mocap_ground_truth
WORKER_05,TAG_005,124,164.003225,96.12961501589969,-94.61269995852258,0.4430000475794076,S128,0.8129,good,safe,full_tracking,12,18.71,nearest_center,0.40916893102017815,1.0,1.0,const2-trial3-tdoa2,mocap_ground_truth
WORKER_06,TAG_006,124,174.001893,93.9261002151678,-129.6854108660838,-0.9419999801367522,S127,0.8007,good,safe,full_tracking,4,19.93,nearest_center,0.3473962467275652,1.0,1.0,const2-trial4-tdoa3,mocap_ground_truth
WORKER_07,TAG_007,124,184.00170400000002,94.20154230151144,-80.93250635103135,-0.9509999834746123,S128,0.819,good,safe,full_tracking,12,18.1,nearest_center,0.46301620894988504,1.0,1.0,const2-trial6-tdoa2,mocap_ground_truth
WORKER_08,TAG_008,124,194.002384,-16.341780547313025,-8.85899950838594,0.32500001706182946,S087,0.3,poor,tracking_lost,no_tracking,0,70.0,nearest_center,0.14443420076033323,0.75,1.0,const3-trial7-tdoa3-manual4,mocap_ground_truth
WORKER_09,TAG_009,124,204.00268599999998,119.72566353421446,2.9849276037785817,0.48300000943243493,S137,0.805,good,safe,full_tracking,6,19.5,nearest_center,0.33400159654184775,1.0,1.0,const4-trial1-tdoa2-traj2,mocap_ground_truth
WORKER_10,TAG_010,124,214.003837,120.82742093458042,3.2603678089488635,-0.42599997006356727,S137,0.7984,degraded,safe,full_tracking,6,20.16,nearest_center,0.3276544730343442,1.0,1.0,const4-trial3-tdoa2-traj2,mocap_ground_truth
WORKER_01,TAG_001,125,125.000132,120.00109467554951,0.6895929882322989,-0.9489999794214965,S137,0.8038,good,safe,full_tracking,6,19.62,nearest_center,0.342434572312152,1.0,1.0,const4-trial3-tdoa2-traj1,mocap_ground_truth
WORKER_02,TAG_002,125,135.00141,25.80056331904667,41.73017782957634,-0.1079999514669181,S119,0.8528,good,safe,full_tracking,13,14.72,nearest_center,0.7251515779825672,1.0,1.0,const4-trial1-tdoa3-traj3,mocap_ground_truth
WORKER_05,TAG_005,125,165.003225,96.86412359781318,-95.43902621755349,0.14000007428228844,S128,0.82,good,safe,full_tracking,10,18.0,nearest_center,0.35252485768252206,1.0,1.0,const2-trial3-tdoa2,mocap_ground_truth
WORKER_06,TAG_006,125,175.001893,94.01790694727661,-129.6854108660838,-0.9419999801367522,S127,0.8007,good,safe,full_tracking,4,19.93,nearest_center,0.3472145138076317,1.0,1.0,const2-trial4-tdoa3,mocap_ground_truth
WORKER_08,TAG_008,125,195.002384,-42.04952875447867,8.310104390690086,0.12999996460974206,S076,0.7748,degraded,safe,full_tracking,6,22.52,nearest_center,0.20635702338495146,0.7,1.0,const3-trial7-tdoa3-manual4,mocap_ground_truth
WORKER_09,TAG_009,125,205.00268599999998,120.82742093458042,2.0667937575600686,0.4420000008493661,S137,0.8006,good,safe,full_tracking,6,19.94,nearest_center,0.3342771730247446,1.0,1.0,const4-trial1-tdoa2-traj2,mocap_ground_truth
WORKER_10,TAG_010,125,215.003837,121.65373624860273,0.13871266339961497,-0.8709999778121711,S137,0.81,good,safe,full_tracking,5,19.0,nearest_center,0.33820698904301627,1.0,1.0,const4-trial3-tdoa2-traj2,mocap_ground_truth
WORKER_01,TAG_001,126,126.000132,119.72566353421446,0.6895929882322989,-0.9489999794214965,S137,0.8051,good,safe,full_tracking,6,19.49,nearest_center,0.3435137180633395,1.0,1.0,const4-trial3-tdoa2-traj1,mocap_ground_truth
WORKER_02,TAG_002,126,136.00141,24.14792174599346,41.087484188528116,-0.6579999931901694,S119,0.846,good,safe,full_tracking,13,15.4,nearest_center,0.651148367075006,1.0,1.0,const4-trial1-tdoa3-traj3,mocap_ground_truth
WORKER_05,TAG_005,126,166.003225,97.0477480070394,-94.79632436774881,-0.4019999810308219,S128,0.8125,good,safe,full_tracking,11,18.75,nearest_center,0.3555118775005902,1.0,1.0,const2-trial3-tdoa2,mocap_ground_truth
WORKER_08,TAG_008,126,196.002384,-8.170388820022556,29.79443526349928,0.073000042811036,S098,0.7325,degraded,safe,full_tracking,13,26.75,nearest_center,0.25544907587881954,0.4,1.0,const3-trial7-tdoa3-manual4,mocap_ground_truth
WORKER_09,TAG_009,126,206.00268599999998,121.37829416225908,1.9749803665251262,0.16500005044043053,S137,0.8109,good,safe,full_tracking,5,18.91,nearest_center,0.3322498930630653,1.0,1.0,const4-trial1-tdoa2-traj2,mocap_ground_truth
WORKER_10,TAG_010,126,216.003837,119.0829616844098,-0.6876077810954708,-0.9479999773949386,S138,0.7847,degraded,safe,full_tracking,7,21.53,nearest_center,0.3109852080202537,0.9,1.0,const4-trial3-tdoa2-traj2,mocap_ground_truth
WORKER_02,TAG_002,127,137.00141,23.413415900332122,42.740123025329176,-0.9489999794214965,S119,0.8536,good,safe,full_tracking,12,14.64,nearest_center,0.6631814936260558,1.0,1.0,const4-trial1-tdoa3-traj3,mocap_ground_truth
WORKER_05,TAG_005,127,167.003225,96.12961501589969,-95.62265062677972,-0.8489999779313804,S128,0.8113,good,safe,full_tracking,11,18.87,nearest_center,0.35469068295432615,1.0,1.0,const2-trial3-tdoa2,mocap_ground_truth
WORKER_08,TAG_008,127,197.002384,36.634545748505644,8.12647724521171,-0.020000011548400032,S118,0.7384,degraded,safe,full_tracking,11,26.16,nearest_center,0.25150183968075385,0.4,1.0,const3-trial7-tdoa3-manual4,mocap_ground_truth
WORKER_09,TAG_009,127,207.00268599999998,121.37829416225908,2.6176740823927522,-0.3839999743551017,S137,0.8093,good,safe,full_tracking,5,19.07,nearest_center,0.3286606798075265,1.0,1.0,const4-trial1-tdoa2-traj2,mocap_ground_truth
WORKER_02,TAG_002,128,138.00141,22.21984082284877,42.55649861610295,-0.9579999827593566,S119,0.8498,good,safe,full_tracking,12,15.02,nearest_center,0.6186904599941928,1.0,1.0,const4-trial1-tdoa3-traj3,mocap_ground_truth
WORKER_05,TAG_005,128,168.003225,95.11967529265115,-96.99985011348929,-0.9469999828189613,S128,0.8173,good,safe,full_tracking,10,18.27,nearest_center,0.3377453823991854,1.0,1.0,const2-trial3-tdoa2,mocap_ground_truth
WORKER_08,TAG_008,128,198.002384,68.03471921900372,-47.05337052095345,-0.2989999958127738,S116,0.7618,degraded,safe,full_tracking,6,23.82,nearest_center,0.1960969540504588,0.7,1.0,const3-trial7-tdoa3-manual4,mocap_ground_truth
WORKER_09,TAG_009,128,208.00268599999998,119.63384585709706,2.801300885839607,-0.8549999751895667,S137,0.8039,good,safe,full_tracking,6,19.61,nearest_center,0.3337971251373066,1.0,1.0,const4-trial1-tdoa2-traj2,mocap_ground_truth
WORKER_05,TAG_005,129,169.003225,95.11967529265115,-96.99985011348929,-0.9489999794214965,S128,0.8173,good,safe,full_tracking,10,18.27,nearest_center,0.3377059879141495,1.0,1.0,const2-trial3-tdoa2,mocap_ground_truth
WORKER_08,TAG_008,129,199.002384,47.00945620989046,-131.1544280299108,-0.2899999924749137,S113,0.7061,degraded,safe,full_tracking,6,29.39,nearest_center,0.13625375632498532,0.4,1.0,const3-trial7-tdoa3-manual4,mocap_ground_truth
WORKER_09,TAG_009,129,209.00268599999998,117.33851337924777,2.158607148595011,-0.9469999828189613,S137,0.8041,good,safe,full_tracking,7,19.59,nearest_center,0.3447629303704218,1.0,1.0,const4-trial1-tdoa2-traj2,mocap_ground_truth
WORKER_08,TAG_008,130,200.002384,20.475387045182448,-168.4306646832125,-0.1899999686330558,S113,0.3,poor,tracking_lost,no_tracking,0,70.0,nearest_center,0.1075117427846439,1.0,1.0,const3-trial7-tdoa3-manual4,mocap_ground_truth
WORKER_09,TAG_009,130,210.00268599999998,117.33851337924777,2.158607148595011,-0.9479999773949386,S137,0.8041,good,safe,full_tracking,7,19.59,nearest_center,0.34476152744521515,1.0,1.0,const4-trial1-tdoa2-traj2,mocap_ground_truth
WORKER_08,TAG_008,131,201.002384,-16.249967145589597,-134.00064468044735,-0.08399996243417274,S095,0.6417,degraded,safe,degraded_tracking,2,35.83,nearest_center,0.23584379820469442,0.7,1.0,const3-trial7-tdoa3-manual4,mocap_ground_truth
WORKER_08,TAG_008,132,202.002384,-17.351727795254966,-79.55530686432178,-0.06799998961389075,S095,0.5348,poor,safe,weak_tracking,1,46.52,nearest_center,0.26564268505715544,1.0,1.0,const3-trial7-tdoa3-manual4,mocap_ground_truth
WORKER_08,TAG_008,133,203.002384,-0.8253180502744506,-28.78250374900719,0.17599996842443932,S096,0.3,poor,tracking_lost,no_tracking,0,70.0,nearest_center,0.17624554540037313,0.75,1.0,const3-trial7-tdoa3-manual4,mocap_ground_truth
WORKER_08,TAG_008,134,204.002384,55.63991289360895,-15.836815987177298,0.2709999970346688,S126,0.7779,degraded,safe,full_tracking,11,22.21,nearest_center,0.23730083126784807,0.75,1.0,const3-trial7-tdoa3-manual4,mocap_ground_truth
WORKER_08,TAG_008,135,205.002384,113.94141255602393,-44.02352398868637,0.32399997033178796,S136,0.7189,degraded,safe,full_tracking,9,28.11,nearest_center,0.18048090030394093,0.4,1.0,const3-trial7-tdoa3-manual4,mocap_ground_truth
WORKER_08,TAG_008,136,206.002384,115.1349876335073,-81.75882713755796,0.34199997700750817,S135,0.7754,degraded,safe,full_tracking,10,22.46,nearest_center,0.3129549106137208,0.9,1.0,const3-trial7-tdoa3-manual4,mocap_ground_truth
WORKER_08,TAG_008,137,207.002384,71.43181456972326,-109.0274076204316,0.3480000189691781,S128,0.7772,degraded,safe,full_tracking,9,22.28,nearest_center,0.21374007259898292,0.7,1.0,const3-trial7-tdoa3-manual4,mocap_ground_truth
WORKER_08,TAG_008,138,208.002384,22.036216413622544,-114.81164765361355,0.2740000180155038,S104,0.7491,degraded,safe,full_tracking,5,25.09,nearest_center,0.18993418488585578,0.4,1.0,const3-trial7-tdoa3-manual4,mocap_ground_truth
WORKER_08,TAG_008,139,209.002384,-12.210178153821836,-101.0396418415092,0.27000006951391686,S095,0.7984,degraded,safe,full_tracking,3,20.16,nearest_center,0.36427332215310293,0.9,1.0,const3-trial7-tdoa3-manual4,mocap_ground_truth
WORKER_08,TAG_008,140,210.002384,-15.790900222480342,-54.03118563161873,0.28599998272955407,S096,0.7742,degraded,safe,full_tracking,6,22.58,nearest_center,0.30092636274388185,0.75,1.0,const3-trial7-tdoa3-manual4,mocap_ground_truth
WORKER_08,TAG_008,141,211.002384,15.884719353231716,-21.896500842955014,0.3979999712854623,S105,0.6427,degraded,safe,degraded_tracking,2,35.73,nearest_center,0.18169241299191768,0.9,1.0,const3-trial7-tdoa3-manual4,mocap_ground_truth
WORKER_08,TAG_008,142,212.002384,54.81359210708236,-24.742714757239426,0.11700007237493981,S116,0.7872,degraded,safe,full_tracking,9,21.28,nearest_center,0.24079321514605875,0.7,1.0,const3-trial7-tdoa3-manual4,mocap_ground_truth
WORKER_08,TAG_008,143,213.002384,58.94519603971537,-43.839899579460145,-0.15099999390542518,S124,0.7842,degraded,safe,full_tracking,11,21.58,nearest_center,0.41530654400795614,0.9,1.0,const3-trial7-tdoa3-manual4,mocap_ground_truth
WORKER_08,TAG_008,144,214.002384,50.68199364695363,-74.9646364361189,-0.3059999652951957,S115,0.7905,degraded,safe,full_tracking,7,20.95,nearest_center,0.23397723816773539,0.7,1.0,const3-trial7-tdoa3-manual4,mocap_ground_truth
WORKER_08,TAG_008,145,215.002384,30.02397945629281,-114.99527206283976,-0.3879999824613334,S113,0.7899,degraded,safe,full_tracking,7,21.01,nearest_center,0.3874905754579899,0.7,1.0,const3-trial7-tdoa3-manual4,mocap_ground_truth
WORKER_08,TAG_008,146,216.002384,-5.507800683090444,-120.50408095468666,-0.4099999972432853,S104,0.7968,degraded,safe,full_tracking,3,20.32,nearest_center,0.3132877216975938,0.9,1.0,const3-trial7-tdoa3-manual4,mocap_ground_truth
WORKER_08,TAG_008,147,217.002384,-11.842924546928128,-78.45354399145154,-0.42099997483193885,S095,0.5172,poor,safe,weak_tracking,1,48.28,nearest_center,0.23465392386688932,0.9,1.0,const3-trial7-tdoa3-manual4,mocap_ground_truth
WORKER_08,TAG_008,148,218.002384,-19.64706249630913,-44.666220365986746,-0.4869999595731498,S096,0.7741,degraded,safe,full_tracking,5,22.59,nearest_center,0.2528713955353844,0.75,1.0,const3-trial7-tdoa3-manual4,mocap_ground_truth
WORKER_08,TAG_008,149,219.002384,-28.185708001509067,-34.750373663919646,-0.4909999676793815,S086,0.7607,degraded,safe,full_tracking,7,23.93,nearest_center,0.2833776437699999,0.9,1.0,const3-trial7-tdoa3-manual4,mocap_ground_truth
WORKER_08,TAG_008,150,220.002384,-7.803135213128847,-18.315778346757114,-0.4869999595731498,S087,0.3,poor,tracking_lost,no_tracking,0,70.0,nearest_center,0.19037645501634637,0.9,1.0,const3-trial7-tdoa3-manual4,mocap_ground_truth
WORKER_08,TAG_008,151,221.002384,26.35144475548179,-38.331096160117546,-0.442000002488494,S117,0.7615,degraded,safe,full_tracking,7,23.85,nearest_center,0.215624320603169,0.75,1.0,const3-trial7-tdoa3-manual4,mocap_ground_truth
WORKER_08,TAG_008,152,222.002384,44.53049385031065,-84.421413906364,-0.39599999867379676,S114,0.7383,degraded,safe,full_tracking,12,26.17,nearest_center,0.2667629353940574,0.4,1.0,const3-trial7-tdoa3-manual4,mocap_ground_truth
WORKER_08,TAG_008,153,223.002384,17.904612480989524,-120.22863886834303,-0.3729999967664481,S104,0.7762,degraded,safe,full_tracking,5,22.38,nearest_center,0.32911864530261414,0.7,1.0,const3-trial7-tdoa3-manual4,mocap_ground_truth
WORKER_08,TAG_008,154,224.002384,-13.12831200004035,-99.11155818211235,-0.3279999800771476,S104,0.794,degraded,safe,full_tracking,3,20.6,nearest_center,0.2936472217062834,1.0,1.0,const3-trial7-tdoa3-manual4,mocap_ground_truth
WORKER_08,TAG_008,155,225.002384,-23.68685114604537,-56.96921448676841,-0.301999957188964,S086,0.7865,degraded,safe,full_tracking,6,21.35,nearest_center,0.20396179047857174,0.75,1.0,const3-trial7-tdoa3-manual4,mocap_ground_truth
WORKER_08,TAG_008,156,226.002384,-20.65700974425107,-18.132151201278738,-0.3289999672025443,S087,0.3,poor,tracking_lost,no_tracking,0,70.0,nearest_center,0.23019502287488766,0.9,1.0,const3-trial7-tdoa3-manual4,mocap_ground_truth
WORKER_08,TAG_008,157,227.002384,23.688855250423604,-10.87889400426982,-0.24899998389184486,S118,0.7374,degraded,safe,full_tracking,8,26.26,nearest_center,0.21857841937856093,0.75,1.0,const3-trial7-tdoa3-manual4,mocap_ground_truth
WORKER_08,TAG_008,158,228.002384,59.03700824432849,-53.48030693143576,0.025999992266297234,S116,0.7373,degraded,safe,full_tracking,9,26.27,nearest_center,0.21787546292738863,0.7,1.0,const3-trial7-tdoa3-manual4,mocap_ground_truth
WORKER_08,TAG_008,159,229.002384,68.86104000553033,-105.813931206434,-0.10599997721612464,S122,0.7327,degraded,safe,full_tracking,12,26.73,nearest_center,0.20337157966915173,0.4,1.0,const3-trial7-tdoa3-manual4,mocap_ground_truth
WORKER_08,TAG_008,160,230.002384,64.27037504983174,-141.80478605014355,-0.6319999703019858,S122,0.6555,degraded,safe,degraded_tracking,2,34.45,nearest_center,0.2881696945494901,1.0,1.0,const3-trial7-tdoa3-manual4,mocap_ground_truth
WORKER_08,TAG_008,161,231.002384,59.40426253528523,-142.0802281364872,-0.9909999825805427,S122,0.6548,degraded,safe,degraded_tracking,2,34.52,nearest_center,0.28546781047169767,1.0,1.0,const3-trial7-tdoa3-manual4,mocap_ground_truth
WORKER_08,TAG_008,162,232.002384,59.31245033067212,-142.172034868596,-0.9919999808818103,S122,0.6542,degraded,safe,degraded_tracking,2,34.58,nearest_center,0.2848436594628559,1.0,1.0,const3-trial7-tdoa3-manual4,mocap_ground_truth
WORKER_08,TAG_008,163,233.002384,59.31245033067212,-142.172034868596,-0.9919999808818103,S122,0.6542,degraded,safe,degraded_tracking,2,34.58,nearest_center,0.2848436594628559,1.0,1.0,const3-trial7-tdoa3-manual4,mocap_ground_truth
WORKER_08,TAG_008,164,234.002384,59.31245033067212,-142.172034868596,-0.9919999808818103,S122,0.6542,degraded,safe,degraded_tracking,2,34.58,nearest_center,0.2848436594628559,1.0,1.0,const3-trial7-tdoa3-manual4,mocap_ground_truth
WORKER_08,TAG_008,165,235.002384,59.31245033067212,-142.172034868596,-0.9919999808818103,S122,0.6542,degraded,safe,degraded_tracking,2,34.58,nearest_center,0.2848436594628559,1.0,1.0,const3-trial7-tdoa3-manual4,mocap_ground_truth
